"Year","Month","TC_Aggregate_WPU30","Airfreight_NonScheduled","Airfreight_Scheduled","Trucking_LD_LTL","Trucking_LD_Truckload","Trucking_Local","Rail_Transportation","Inland_Water_Freight","Deep_Sea_Freight","Warehouse_Construction","Warehousing_Storage","Total_Inventories","PPI_All_Commodities","Total_Inventories_SA_original","Date"
2003,"12",NA,NA,100,100,100,100,109.6,126.9,223.8,NA,NA,1178306,139.5,1190686,2003-12-01
2004,"01",NA,NA,101.5,101.1,100.3,100.5,110.5,125.6,220.5,NA,NA,1188955,141.4,1193816,2004-01-01
2004,"02",NA,NA,100.5,101.5,101.1,101.8,110.7,125.7,220.6,NA,NA,1199267,142.1,1195139,2004-02-01
2004,"03",NA,NA,97.6,101.9,101.2,101.9,111.5,124.5,222.1,NA,NA,1212408,143.1,1205244,2004-03-01
2004,"04",NA,NA,97.5,101.4,101.5,103.5,111.8,125.6,223.9,NA,NA,1223051,144.8,1212406,2004-04-01
2004,"05",NA,NA,97.5,102.2,101.9,104.5,112.3,125.9,224.3,NA,NA,1221827,146.8,1219933,2004-05-01
2004,"06",NA,NA,98.4,103.4,102.5,105.2,112.6,127,224,NA,NA,1225919,147.2,1234141,2004-06-01
2004,"07",NA,NA,101.8,104.8,102.6,106.5,113.3,128.5,226.8,NA,NA,1233374,147.4,1246820,2004-07-01
2004,"08",NA,NA,101.8,105.1,103,106.6,113.5,132.5,227.7,NA,NA,1239883,148,1256439,2004-08-01
2004,"09",NA,NA,101.8,106.3,104,107.1,114.7,136.7,229.8,NA,NA,1251499,147.7,1258330,2004-09-01
2004,"10",NA,NA,100.8,107.1,104.7,107.8,115.6,144.2,229.9,NA,NA,1286871,150,1260080,2004-10-01
2004,"11",NA,NA,100.8,108.1,105.4,108,116.4,138.7,230.7,NA,NA,1308655,151.4,1274898,2004-11-01
2004,"12",NA,NA,102.3,108,104.8,108.6,117.6,136.6,230.7,100,NA,1264230,150.2,1278198,2004-12-01
2005,"01",NA,NA,101.7,108.1,105.5,109.4,118.3,139.8,230.9,101.3,NA,1283152,150.9,1290576,2005-01-01
2005,"02",NA,NA,101.7,107.5,106.2,109.1,118.4,140.8,230.6,101.4,NA,1289906,151.6,1288309,2005-02-01
2005,"03",NA,NA,102.2,108.6,106.9,111,119.9,144.3,232,101.4,NA,1299690,153.7,1294689,2005-03-01
2005,"04",NA,NA,103,109.3,107.5,111.7,121.1,145.9,233.3,102.9,NA,1307919,155,1299511,2005-04-01
2005,"05",NA,NA,103.6,110.5,108.3,110.4,124.3,143.9,229.6,103,NA,1298629,154.3,1299637,2005-05-01
2005,"06",NA,NA,104.2,111.8,108.4,111.2,124.8,143.1,231.4,103,NA,1290198,154.3,1300043,2005-06-01
2005,"07",NA,NA,105.3,113.3,108.3,112,124.9,144.6,232.2,106,NA,1257440,156.3,1270609,2005-07-01
2005,"08",NA,NA,105.8,113.2,108.6,112,126.2,153.5,232.6,106.1,NA,1260548,157.6,1276885,2005-08-01
2005,"09",NA,NA,106.9,114.6,110,113.6,127.8,164.3,232.9,106.2,NA,1274742,162.2,1282107,2005-09-01
2005,"10",NA,NA,108.4,116.1,111.3,113.7,130.6,173.5,233,107.5,NA,1309805,166.2,1286049,2005-10-01
2005,"11",NA,NA,108.5,115.3,111.9,111.7,133,159.6,233.1,107.5,NA,1325696,163.7,1293509,2005-11-01
2005,"12",NA,NA,107.9,113.7,111,112.1,133.1,163.9,231.3,107.5,NA,1287964,163,1303747,2005-12-01
2006,"01",NA,NA,107.8,114.7,110.3,112.3,131.9,175.3,231.3,109.1,NA,1303732,164.3,1310115,2006-01-01
2006,"02",NA,NA,108.6,114.3,110.4,112,131.2,176.9,231.4,109.1,NA,1316172,161.8,1313564,2006-02-01
2006,"03",NA,NA,110.8,115.4,110.4,113.7,133,176.5,235.1,109.3,NA,1332444,162.2,1324104,2006-03-01
2006,"04",NA,NA,106.9,116.6,110.8,114.2,133.3,173,234.5,110.8,NA,1321296,164.3,1310331,2006-04-01
2006,"05",NA,NA,109.1,119.2,112.1,115.3,134.9,174.8,235.9,110.8,NA,1325109,165.8,1324108,2006-05-01
2006,"06",NA,NA,110.1,119.2,112.4,116,137.3,176.8,233.7,110.8,NA,1331873,166.1,1339154,2006-06-01
2006,"07",NA,NA,111.3,119.5,112.5,116.5,138.9,186,233.1,113,NA,1333447,166.8,1347284,2006-07-01
2006,"08",NA,NA,107.8,120.3,113.2,117.4,139.1,190.3,233.1,113,NA,1339344,167.9,1357035,2006-08-01
2006,"09",NA,NA,107.9,119.7,113.4,117.4,139.5,193.6,233.1,113,NA,1354706,165.4,1362623,2006-09-01
2006,"10",NA,NA,107.3,117.5,113,116.5,139.4,196.2,233.5,116.2,NA,1388863,162.2,1365943,2006-10-01
2006,"11",NA,NA,106.7,117.6,112.5,116.1,136.8,188.3,232.8,116.3,NA,1400150,164.6,1368239,2006-11-01
2006,"12",NA,NA,106.7,117.9,112.3,116.4,135.5,186.9,231.8,116.2,NA,1349034,165.6,1366352,2006-12-01
2007,"01",NA,NA,106.9,117.1,113,116.3,136.1,178.3,231.8,117.5,NA,1360786,164,1370168,2007-01-01
2007,"02",NA,NA,106,116.5,112.5,116.3,136.8,178.9,227.8,117.5,NA,1367427,166.8,1368476,2007-02-01
2007,"03",NA,NA,106,117.8,112.4,118.1,135.5,177.2,228,117.5,NA,1369574,169.3,1366320,2007-03-01
2007,"04",NA,NA,106.2,121.5,112.9,118.9,136.7,174.1,228,117.6,NA,1406351,171.4,1399387,2007-04-01
2007,"05",NA,NA,109.4,122.4,113.1,119.8,138.1,173.9,227.5,117.6,NA,1404482,173.3,1406181,2007-05-01
2007,"06",NA,NA,109.4,122.7,112.8,120.3,141,177.4,226.6,117.5,NA,1403390,173.8,1412362,2007-06-01
2007,"07",NA,NA,109.4,121.7,113,120.4,140.9,186.2,231.4,119.4,NA,1404838,175.1,1419028,2007-07-01
2007,"08",NA,NA,109.4,121.2,113.3,120.4,142.6,193,231.4,119.4,NA,1404722,172.4,1420808,2007-08-01
2007,"09",NA,NA,109.6,120.9,113.8,119.3,144.1,198.8,231.4,119.4,NA,1423032,173.5,1429479,2007-09-01
2007,"10",NA,NA,111.2,122,114,120.1,144.7,203.9,233.2,121.4,NA,1457814,174.7,1431019,2007-10-01
2007,"11",NA,NA,109.5,123.7,115.1,121,146.5,197,231.3,121.5,NA,1472259,179,1436703,2007-11-01
2007,"12",NA,NA,115.4,124,115.8,123.6,148,194.7,231.3,121.4,NA,1428479,178.6,1444886,2007-12-01
2008,"01",NA,NA,116.3,123.5,116,124.5,152.1,199.5,234,121.6,NA,1451937,181,1457941,2008-01-01
2008,"02",NA,NA,116.4,124.9,115.9,124.4,151.6,201.2,234.1,121.6,NA,1471663,182.7,1468430,2008-02-01
2008,"03",NA,NA,119.3,127.8,116.5,127.4,152,201.7,237.7,121.6,NA,1468995,187.9,1465083,2008-03-01
2008,"04",NA,NA,126.8,130.1,117.8,128.8,152.9,206.2,241.2,122.4,NA,1481290,190.9,1474824,2008-04-01
2008,"05",NA,NA,129.1,131,120.5,132.6,156.4,208,256.5,122.4,NA,1476511,196.6,1479332,2008-05-01
2008,"06",NA,100,132.6,133.3,123,134.2,159.6,213.5,262.2,122.4,NA,1478304,200.5,1489543,2008-06-01
2008,"07",NA,103.9,132.7,132.2,124,135.6,162.5,227.8,267,124.5,NA,1493726,205.5,1507148,2008-07-01
2008,"08",NA,102.5,136.2,130.7,124,134,164.3,228,281.1,124.5,NA,1494897,199,1511781,2008-08-01
2008,"09",NA,102.4,133.6,129.4,121.8,133.1,163.7,234.4,284.4,124.5,NA,1501460,196.9,1507113,2008-09-01
2008,"10",NA,102.7,131.3,126.8,121.3,131.4,160.9,241.5,279.6,129.1,NA,1522305,186.4,1496951,2008-10-01
2008,"11",NA,97.8,129.5,123.5,117.8,129.5,157.8,231.9,263.8,129.1,NA,1515208,176.8,1485054,2008-11-01
2008,"12",NA,98.8,129.6,121.2,115.1,127.2,153.5,225.6,258.2,129,100,1438418,170.9,1460523,2008-12-01
2009,"01",NA,92.3,127.6,126.3,113.2,124.7,149.5,224,234.5,131,99.8,1427260,171.2,1440075,2009-01-01
2009,"02",NA,89.8,123.6,126.6,112.1,124.5,147.6,231.5,225.2,130.7,99.8,1416016,169.3,1421255,2009-02-01
2009,"03",NA,90.7,119,125.4,110.4,123.7,146.2,223.4,225.7,130.6,99.7,1397214,168.1,1404091,2009-03-01
2009,"04",NA,85.9,117.7,125.7,109.7,123.8,146,204,226.8,129.2,99.7,1380810,169.1,1384702,2009-04-01
2009,"05",NA,85,118.6,126,109.8,125.5,146,203,208.8,129.3,99.7,1355248,170.8,1368127,2009-05-01
2009,"06",100,86.4,116,125.3,110.1,127,147,206.7,209,128.8,99.9,1332729,174.1,1349984,2009-06-01
2009,"07",100.8,87.2,116.4,125.9,111.4,126.5,147.6,197.3,210.2,124.3,100,1318371,172.5,1332543,2009-07-01
2009,"08",101.6,86.7,116.5,126.1,111,126.7,149.9,197.7,212.2,124.3,100.1,1299440,175,1311437,2009-08-01
2009,"09",101.2,88,116.7,125.4,111.7,126.7,150,205.9,215.6,123.9,100,1303413,174.1,1303341,2009-09-01
2009,"10",101.7,93.2,116.7,125,110.8,127.5,150.3,213,217.9,123.8,100,1335017,175.2,1305437,2009-10-01
2009,"11",102.3,96.9,120.2,125.4,111.5,128,150.8,217.8,219,123.8,100.3,1348036,177.4,1313168,2009-11-01
2009,"12",102.5,99.3,120.3,123.4,110.9,127.7,150.9,213.2,221.2,123.7,100.2,1297625,178.1,1310736,2009-12-01
2010,"01",104.3,98.5,125.7,122.2,110.8,127.3,152.7,215.3,227.2,123.5,101.2,1305438,181.9,1310171,2010-01-01
2010,"02",104.5,97.2,129.5,123.5,111,127.6,153.5,212.8,229.5,123.3,101.3,1326610,181,1326350,2010-02-01
2010,"03",105.3,97.8,129.4,125.9,111.9,127.3,154.6,208.2,229.5,123.2,100.8,1328942,183.3,1327479,2010-03-01
2010,"04",105.7,92.9,129.5,127,112.2,127.3,154.8,208.5,236.9,123.3,100.6,1357354,184.4,1354290,2010-04-01
2010,"05",105.9,93.5,129.9,127.1,113.2,127.3,156.6,213.4,244.2,123.3,101.5,1351808,184.8,1355658,2010-05-01
2010,"06",106.7,96.6,129.9,126.4,113.5,127.4,157.9,212.2,247.8,123.3,101.1,1353048,183.5,1359851,2010-06-01
2010,"07",106.8,104.4,129.8,126.3,113.4,127.4,157.7,218,254.6,123.6,100.7,1368502,184.1,1375733,2010-07-01
2010,"08",106.3,103.2,129.9,126.4,113.7,126.9,156.7,222.3,254.6,123.5,98.9,1377375,184.9,1386509,2010-08-01
2010,"09",105.5,97.2,129.9,126.8,113.8,126.9,156.9,226.2,254.7,123.5,98.6,1403253,184.9,1402887,2010-09-01
2010,"10",106.3,100.6,132.4,127.8,114.4,126.9,157.4,229.6,252.8,124.1,98.4,1448797,186.6,1417745,2010-10-01
2010,"11",106.8,104.3,132.4,131.5,115.8,126.9,157.4,219.4,252.8,124.1,99.7,1460175,187.7,1421557,2010-11-01
2010,"12",107.1,100.5,134.1,131,116.1,126.9,158.6,223.3,252.8,124.2,98.5,1425148,189.7,1435369,2010-12-01
2011,"01",109.2,103.8,134.8,131.8,116.5,128.7,161.6,223.7,253.8,124.4,98.7,1450054,192.7,1453085,2011-01-01
2011,"02",110.2,102.5,135.8,134.1,117.4,130.5,162.8,226.8,256.8,124.4,99,1461040,195.8,1457915,2011-02-01
2011,"03",112,102.7,140.5,134.1,119.3,130.4,165.6,229.6,263.5,124.4,98.6,1482413,199.2,1476700,2011-03-01
2011,"04",112.8,100,143.9,137.1,121,130.6,168.9,231.4,265.4,125.4,101.1,1501264,203.1,1497480,2011-04-01
2011,"05",113.7,98.1,146.2,139.1,121.7,130.5,172.2,236.8,267.6,125.4,101,1510049,204.1,1514046,2011-05-01
2011,"06",113.9,99.9,149.5,137.3,121.4,130.5,173.3,237.7,265.9,125.4,101.2,1505463,203.9,1518530,2011-06-01
2011,"07",113.8,101.7,148.8,137.5,121.3,130.5,173.2,239.2,254.5,126.9,100.2,1516032,204.6,1526244,2011-07-01
2011,"08",114.1,99.9,148.6,138.3,121.2,130.5,172.3,236.4,247.8,126.9,99.3,1523385,203.2,1535930,2011-08-01
2011,"09",113.5,98.9,149.3,140.1,122,130.6,172.3,238.2,247,126.9,101,1532835,203.7,1532495,2011-09-01
2011,"10",113.8,102.8,149.4,140.9,122,130.6,171.9,243.5,239.9,128.9,100.1,1575614,201.1,1546367,2011-10-01
2011,"11",114,100.5,149.4,141,123.2,130.6,171.8,242.8,244.1,128.9,100.2,1583365,201.4,1550126,2011-11-01
2011,"12",114.2,100.3,154.8,140.6,123.3,131.7,171.7,244.9,239.4,128.9,100.3,1536337,199.8,1555506,2011-12-01
2012,"01",115.7,101.8,155.3,141.4,124,132.1,173.4,244.9,239.6,129.6,99.2,1559322,200.7,1568975,2012-01-01
2012,"02",116.5,101.6,155.8,141.7,124.6,132.2,174.5,240.9,242.7,129.6,98.7,1575075,201.6,1577798,2012-02-01
2012,"03",117.6,103.4,156.2,144.9,126.2,132.4,174.7,239.4,251.7,130,98.1,1582447,204.2,1580191,2012-03-01
2012,"04",118.1,104.9,156.7,145.5,126.7,132.5,176.1,244.9,253.4,130.8,98.4,1580299,203.7,1575066,2012-04-01
2012,"05",118.1,106.2,156.3,144.2,127,132.5,179.8,246.6,253.6,131.2,97.7,1577003,201.9,1578430,2012-05-01
2012,"06",118.1,106.4,155.8,143.7,125.8,132.2,179.5,244.8,252.3,131.2,97.3,1569056,199.8,1580333,2012-06-01
2012,"07",117.6,103.5,155.3,145,125.6,132.2,178.2,243,252,131.5,96.8,1581538,200.1,1592021,2012-07-01
2012,"08",117.7,104.6,155.3,147.4,126.8,132.2,176.6,239.9,252.9,131.7,98.1,1587821,202.7,1601739,2012-08-01
2012,"09",117,103.6,155.8,149.9,127.4,132.2,177,249.9,252,131.7,98.5,1609799,204.4,1612893,2012-09-01
2012,"10",118.1,106.4,156.1,150.1,127.2,132.2,179.2,249.4,248.8,132.2,97.7,1649468,203.5,1619225,2012-10-01
2012,"11",118,107.8,155.9,149.5,126.9,135.5,180.3,251.3,249.3,132.2,97.9,1654765,201.8,1621534,2012-11-01
2012,"12",117.9,107.8,155.6,150.3,127,135.5,180.2,252.9,250.4,132.2,97.5,1601757,201.5,1623112,2012-12-01
2013,"01",119,102.4,156.3,148.7,126.7,134.9,182.3,246.3,250.7,133.3,97.1,1632604,202.5,1642172,2013-01-01
2013,"02",119.4,101.9,156.4,149.9,127.2,134.9,182.2,241.9,249.5,133,97.4,1641222,204.3,1642128,2013-02-01
2013,"03",120.2,100.5,156.9,151,128,135,182.4,238.4,249.9,133,97.5,1643981,204,1640855,2013-03-01
2013,"04",119.6,98,156.6,148.8,127.5,135,184,240.6,244.2,133.6,96.9,1662565,203.5,1657156,2013-04-01
2013,"05",119.1,97.9,156.3,148.1,127.8,135,183.7,239.1,248.5,134.7,97.1,1651899,204.1,1656469,2013-05-01
2013,"06",120,98.7,156,151.2,127.6,135,182.8,238.8,247,134.7,96.7,1637671,204.3,1655223,2013-06-01
2013,"07",120.1,98.6,156.5,150.7,127.6,135,182.7,240.3,248.4,135.4,97.3,1647688,204.4,1661893,2013-07-01
2013,"08",120.3,96.4,156.8,151.7,127.6,135.1,182.6,227.8,248.3,135.4,96.8,1654029,204.2,1668015,2013-08-01
2013,"09",119.1,100.8,157.2,152.4,127.1,135.1,183,231.5,249.4,135.4,97.5,1677973,203.9,1679103,2013-09-01
2013,"10",119.8,105.4,157.3,153,127.2,135.1,183.7,235.7,249.2,135.5,96.7,1725045,202.5,1691144,2013-10-01
2013,"11",119.3,103,157.3,152.3,127.6,135.1,184.1,238.1,247.2,136,96.6,1737932,201.2,1699880,2013-11-01
2013,"12",120.7,108.4,157.2,154.4,127.4,135.1,183.6,231.6,257.6,136,97,1687455,202,1707855,2013-12-01
2014,"01",121.1,103.2,157.3,153.8,127.9,135.1,185,227.1,263,136.8,96.7,1711804,203.8,1715057,2014-01-01
2014,"02",121.5,103.3,157.1,153.4,128.2,135.1,185.8,230.2,262.2,136.7,97.2,1720535,205.7,1715605,2014-02-01
2014,"03",122.6,103.5,158.1,154.5,128.7,135.1,186,235.1,262.1,137.3,97.2,1724859,207,1717206,2014-03-01
2014,"04",123.3,102.8,157.3,158.5,129.5,135.2,187.1,224.9,263.3,137.5,97.2,1736546,208.3,1728323,2014-04-01
2014,"05",123.4,100.6,157.6,158.9,130.6,135.2,187.6,223.7,264,137.7,97.2,1732814,208,1737422,2014-05-01
2014,"06",124,96.6,157.7,158.8,130.8,135.2,187.2,222.8,264.9,137.8,97.3,1721621,208.3,1743086,2014-06-01
2014,"07",124.1,100.1,157.5,160.5,130.3,135.2,187.3,224.9,262.6,138.5,97.7,1732704,208,1750069,2014-07-01
2014,"08",124.3,100.6,157.3,160.9,130.4,135.2,187.2,238.4,262.5,138.4,97.4,1734069,207,1752288,2014-08-01
2014,"09",122.8,102.1,157.4,158,130.4,135.2,186.9,249.7,262.3,138.3,97.7,1751527,206.4,1756100,2014-09-01
2014,"10",122.7,99.4,156.8,157.3,129.7,135.2,186.4,254.6,261.5,139,97.6,1793278,203.4,1760368,2014-10-01
2014,"11",122.5,98.9,155.5,156.8,129.8,135.2,186.2,249.8,261.1,138.9,97.8,1800504,200.9,1763579,2014-11-01
2014,"12",122.6,115.5,154.8,158.8,128.9,135.2,185.4,235.1,260.9,139.1,98.1,1739926,197,1764392,2014-12-01
2015,"01",122.7,113.9,150.7,157,126.7,135.2,185.2,232.7,259.9,139.6,98.1,1756037,192,1761709,2015-01-01
2015,"02",121.8,106.8,150.7,154.5,126,134.8,182.9,229.5,267.4,139.6,98,1793073,191.1,1790207,2015-02-01
2015,"03",122,100.7,150.9,156.1,126,135.2,179.7,228.6,268.1,139.6,98.6,1790213,191.5,1786209,2015-03-01
2015,"04",121.7,103.3,154.2,153.8,126.2,135.1,180.2,227.4,269.2,139.4,98.8,1799912,190.9,1793204,2015-04-01
2015,"05",121.5,103.9,155.4,156.5,126.3,135.2,179.9,222.4,269.1,139.5,98.9,1793303,193.4,1797824,2015-05-01
2015,"06",122.3,106.1,154.7,155.1,127.1,135.2,179.4,223,263.2,140,98.9,1791311,194.8,1812456,2015-06-01
2015,"07",122.3,104.1,149.2,154.8,126.9,135.3,179.7,224.3,258.9,140.8,98.9,1795755,193.9,1812352,2015-07-01
2015,"08",121.3,101.2,148.7,153.4,126.2,135.2,178.8,223.4,257.9,140.8,98.9,1793029,191.9,1810952,2015-08-01
2015,"09",120,101,145.3,153.2,125.9,135.1,177.9,232.1,252.6,140.9,98.6,1813849,189.1,1817532,2015-09-01
2015,"10",120.2,107.8,152.5,152.1,125.5,135.3,176.7,235.5,252.7,142.2,98.5,1852743,187.5,1814493,2015-10-01
2015,"11",120.3,116,151.4,156.2,125.8,135.1,176.6,219.3,249.2,142.1,98.5,1847894,185.7,1809768,2015-11-01
2015,"12",119.7,112.1,153.3,156.6,124.8,134.9,176.7,218.1,242.6,142.1,98.3,1788007,183.5,1813141,2015-12-01
2016,"01",120.5,110.8,155.3,156.1,124.6,136.6,175,217.3,240,141.7,98.2,1805123,182.6,1812265,2016-01-01
2016,"02",120,110.1,153.5,158.7,123.4,134.3,173.8,217.7,236,141.7,98.9,1811254,181.3,1812098,2016-02-01
2016,"03",120.4,112.3,152.7,158.3,123.2,133.6,173.2,213.9,238.4,141.5,99.9,1819947,182.1,1818576,2016-03-01
2016,"04",119.7,113.1,151.9,160.3,123.6,131.7,173.6,215.4,237.1,143.4,100.5,1812743,183.2,1807098,2016-04-01
2016,"05",119,111.5,154.1,160.2,122.8,131.8,174.1,214.1,237.7,143.2,100.4,1802598,185.3,1809981,2016-05-01
2016,"06",119.7,111.5,148.2,160.7,122.7,127,175,213.2,239.3,143.4,99.4,1795228,187.6,1813677,2016-06-01
2016,"07",120.3,109.9,153.5,161.2,123,127.7,175.8,216.8,237,142.5,100.1,1796662,187.7,1813154,2016-07-01
2016,"08",119.9,110.8,151.1,161.1,123,128,176.1,216,240.9,142.5,100.1,1797275,186.6,1816907,2016-08-01
2016,"09",117.9,113.8,148.8,159.5,123.3,128.2,176.9,216.8,240.9,142.5,100.7,1816511,186.9,1818731,2016-09-01
2016,"10",119,113.8,147.9,163.1,124.1,128.2,176.7,216.9,249.1,144,100,1850789,186.7,1812965,2016-10-01
2016,"11",119.4,114.3,148.7,164.3,124.1,128.2,177.3,215,249.7,144,100,1868105,186.3,1827497,2016-11-01
2016,"12",120.4,118.9,151.8,165.6,124.2,128.3,178,213.1,252.8,143.9,100.3,1814744,188.2,1835742,2016-12-01
2017,"01",121.4,113.3,151.7,166.4,124.4,128.3,179.1,210.4,254.9,144.4,101.7,1835845,190.7,1841409,2017-01-01
2017,"02",121.8,110.8,148.8,166.8,124.7,128.5,180,209.8,258.2,144.5,100.4,1839523,191.6,1839919,2017-02-01
2017,"03",121.4,109.7,150.6,166.7,124.2,128.5,180.9,210.1,256.8,144.7,100.7,1843982,191.5,1840832,2017-03-01
2017,"04",121.9,110.7,149.7,167,124.3,128.6,180.9,209.4,259.4,146,101.7,1860453,193,1854221,2017-04-01
2017,"05",121.4,111.1,147.3,168,124,129.3,181.2,209.1,262.2,146,101.2,1852924,192.8,1859716,2017-05-01
2017,"06",122.4,115.3,152,167.9,124.2,129.3,181.4,208.5,262.2,146.4,102.1,1853311,193.6,1869284,2017-06-01
2017,"07",121.9,114,149.6,169.7,124.2,129.3,181.3,206.8,264.1,148.2,104.3,1855888,193.5,1873868,2017-07-01
2017,"08",122,113.9,150.4,169.9,125.9,131.3,181.3,204.9,264.3,148.3,104.7,1868853,193.8,1888998,2017-08-01
2017,"09",122,114.7,151.2,173.3,126.6,131.4,181.8,206.2,264.7,148.4,104.3,1887348,194.8,1888695,2017-09-01
2017,"10",123.1,117.9,150.4,173.5,126.6,131.4,183.8,208.1,263.1,148.9,106.1,1920014,194.9,1885669,2017-10-01
2017,"11",123.9,117,151.2,175.1,128.5,131.7,184.9,208.1,272.5,148.7,106.9,1934375,195.9,1895375,2017-11-01
2017,"12",123.5,117,151.9,175.5,130.3,132,185.6,208.1,270.8,149,106.2,1882688,196.3,1902204,2017-12-01
2018,"01",124.5,116.4,152,177.4,131,132.8,186.6,207.4,275.1,150.1,106.5,1916224,197.9,1917041,2018-01-01
2018,"02",125.7,117.1,152.5,178.5,132,132.9,187.3,207.7,275.4,150.2,106.6,1934064,199.3,1928826,2018-02-01
2018,"03",126.9,118.4,154.9,178.4,132,133.6,189.2,208.2,275.6,150.2,106.8,1936681,199.3,1929583,2018-03-01
2018,"04",127.2,118.3,151.7,178.9,132.3,133.6,190.4,208,278.3,151.2,106.9,1935282,200.3,1929994,2018-04-01
2018,"05",127.1,120.1,156.9,181,133.6,135.9,190.9,210.8,286.6,151.2,106.7,1929733,203.2,1936921,2018-05-01
2018,"06",128.8,120.8,154.1,183.1,135.4,141.7,192.1,210.6,294.1,151.6,107.3,1919800,204.2,1937182,2018-06-01
2018,"07",129.1,120.5,153.9,183.2,136.8,142.9,192.5,212.6,300.8,152,107.4,1930490,204.3,1949976,2018-07-01
2018,"08",128.6,119.9,153.1,183.3,137.5,143,193.1,213.1,300.5,152.2,106.8,1941020,203.4,1960774,2018-08-01
2018,"09",129.1,120.3,153.6,184,138.6,143.7,195.1,214.1,301.1,152.5,107.2,1966573,203.6,1967452,2018-09-01
2018,"10",130.6,121.7,155.3,185.3,139.8,146.7,195.3,215.5,304.5,153.6,107.8,2014923,204.6,1982161,2018-10-01
2018,"11",131.3,122.3,156.3,184.8,140.3,146.7,196.1,215.2,305.2,155.1,107.6,2017800,202.3,1980503,2018-11-01
2018,"12",130.9,121.7,154.9,183.9,140.4,145.9,196.3,214.7,304.5,155,107.2,1973525,201,1994495,2018-12-01
2019,"01",131.8,122,150.9,188.5,139.9,145.7,196.2,215.4,307.2,155.7,107.5,2014711,199.1,2013900,2019-01-01
2019,"02",131.2,121.1,151,188.8,138.6,145.6,196,222.6,306.5,155.5,106.8,2025349,199.2,2017397,2019-02-01
2019,"03",131.6,121.2,151.4,187.8,138.2,145.4,195.8,222.7,308.2,155.6,106.2,2024798,200.8,2018092,2019-03-01
2019,"04",132.3,121.5,152.1,186.2,136.7,145.4,197.7,223.6,309.5,158.8,106.9,2036680,202.1,2029778,2019-04-01
2019,"05",132.3,119.8,154.1,189.9,137.3,146.1,198.5,223.7,310.2,159,106.9,2028765,201.7,2036395,2019-05-01
2019,"06",133.1,120.4,155.1,190.3,137.7,146.7,198.6,226.2,309.3,159.7,106.9,2017625,200.3,2035698,2019-06-01
2019,"07",133.4,120.8,155.2,188.1,136.8,146.4,198.7,226.2,313.7,161,106.9,2023272,200.7,2042645,2019-07-01
2019,"08",132.3,116.2,154.4,190.1,136.1,146.3,198.4,226.6,304.2,161.2,106.8,2022513,199.2,2042132,2019-08-01
2019,"09",131.2,118.2,153.8,187.8,136.6,146.3,198.2,226.7,305,161.7,107.4,2036042,198.4,2041533,2019-09-01
2019,"10",132.6,119.6,154.3,188.7,136.6,147,198.6,227.6,302.9,161.9,106.6,2071464,198.6,2042842,2019-10-01
2019,"11",132.5,122.7,156.2,189.3,140.1,146.9,198.7,228.4,316.9,162.1,107.1,2067712,199,2037431,2019-11-01
2019,"12",134.2,124.3,157.1,185.2,141,147,198.8,228.9,320.6,162.1,107.1,2011563,199,2040009,2019-12-01
2020,"01",133.9,120.7,156,193.6,136.3,147.6,200,228.5,320.8,162.6,106.7,2031957,199.3,2035251,2020-01-01
2020,"02",133.3,120.7,155.5,191.1,136.1,148.3,200.1,224.7,304.1,162.8,106.5,2016868,196.7,2012743,2020-02-01
2020,"03",130.8,120,152.3,189.7,134.3,149.2,199.6,224.9,302.1,162.8,106.6,2013967,193.1,2012504,2020-03-01
2020,"04",127.1,118.9,152.4,188.4,131.8,148.4,198.8,225.1,286.9,162.8,106.8,1983848,185.5,1981240,2020-04-01
2020,"05",127.9,118.2,155.8,187.7,128.2,138.4,197.1,216.2,287,161.8,106.8,1924364,188.6,1933737,2020-05-01
2020,"06",129.8,119.4,156.2,186.1,132,138.3,196,214.7,287.8,161.6,105,1892654,191.2,1912063,2020-06-01
2020,"07",129.1,124.8,157.4,190.3,134,148.9,195.8,214.6,288.6,162,105.3,1897799,193,1914275,2020-07-01
2020,"08",127.6,116.1,157.9,189.9,135.6,147.1,196.7,213.4,288.8,161.5,106.7,1903134,194.3,1919154,2020-08-01
2020,"09",127.7,119.1,154.6,185.5,139,147.1,197.1,213.2,288.2,161.4,108.4,1932307,195.5,1932815,2020-09-01
2020,"10",129.6,123.4,153.2,189.6,142.2,150.4,197.3,209.5,284.3,161.3,108.5,1983258,196.5,1948724,2020-10-01
2020,"11",129.1,125.2,151.5,187.7,146.6,150.2,197.6,208.8,281.1,162,108.9,1996382,198.3,1959898,2020-11-01
2020,"12",128.7,128.2,156.9,187.1,147.6,153.4,198.5,208.2,284,161.9,108.1,1954820,200.5,1971685,2020-12-01
2021,"01",130.2,122.3,157.7,196.7,146.1,151.7,200.1,203.1,286.3,162.3,108.7,1989487,204.8,1982356,2021-01-01
2021,"02",131.1,123.2,157.8,196.8,151.3,154.1,201.2,203.6,294.3,161.9,108.8,2025375,210.6,2010814,2021-02-01
2021,"03",133.2,125.9,157.6,202.5,154.7,155.2,203.3,205.6,299.9,162.3,109.6,2026115,215,2014334,2021-03-01
2021,"04",136.9,126.1,155.4,203.4,159.3,155.4,204.7,202.3,309.5,165.6,111.7,2036054,217.9,2023999,2021-04-01
2021,"05",136.7,120,159.3,203.7,162.1,163.1,206.4,202.9,322.9,167.1,111,2032828,224.9,2039283,2021-05-01
2021,"06",138.9,122.6,163.5,210.7,159.3,163.8,207.1,202.9,336.9,168.3,110.9,2038847,228.9,2057418,2021-06-01
2021,"07",141.488,126.759,158.92,208.302,159.929,163.692,208.358,202.969,340.299,172.841,111.342,2052700,231.85,2069452,2021-07-01
2021,"08",141.728,126.902,162.443,207.759,164.691,163.714,209.327,203.31,334.857,173.017,114.058,2064340,233.415,2083911,2021-08-01
2021,"09",140.648,127.38,165.766,209.299,169.568,164.407,210.306,203.861,346.891,172.998,115.489,2102327,235.678,2101790,2021-09-01
2021,"10",142.908,127.238,172.332,211.703,173.847,169.19,211.843,206.701,356.86,195.694,117.767,2163471,240.465,2127458,2021-10-01
2021,"11",145.987,132.271,177.304,217.984,182.629,171.242,213.261,207.536,353.44,195.057,116.388,2195965,243.287,2158162,2021-11-01
2021,"12",147.821,134.512,179.689,218.148,187.738,171.229,214.164,211.407,365.693,195.262,120.4,2190556,241.338,2206652,2021-12-01
2022,"01",148.536,134.684,178.868,222.856,198.275,173.654,216.054,212.74,367.044,207.766,127.634,2245111,246.453,2237909,2022-01-01
2022,"02",150.357,135.101,176.416,220.69,208.028,175.226,216.76,219.097,367.258,208.371,121.997,2286200,252.66,2270332,2022-02-01
2022,"03",157.839,146.087,176.424,239.535,211.126,188.753,218.284,221.923,356.471,209.095,121.133,2345495,260.014,2324248,2022-03-01
2022,"04",161.58,148.701,188.603,243.598,209.823,190.187,223.934,230.646,386.914,218.841,128,2359885,265.31,2345070,2022-04-01
2022,"05",164.731,151.097,182.035,251.869,210.733,192.282,228.323,239.32,437.537,218.62,120.381,2377001,273.251,2381882,2022-05-01
2022,"06",166.586,156.421,184.743,258.802,203.35,193.701,229.481,243.247,429.9,218.273,125.335,2403524,280.251,2419512,2022-06-01
2022,"07",166.354,156.205,184.914,248.576,204.018,196.94,232.218,245.613,444.804,230.56,128.802,2411027,272.274,2434317,2022-07-01
2022,"08",164.069,150.344,185.834,242.1,200.068,195.523,231.349,243.297,458.815,230.562,123.693,2426120,269.546,2453171,2022-08-01
2022,"09",163.358,149.111,185.422,242.93,197.526,195.778,231.597,241.488,468.156,231.276,132.229,2458736,267.898,2464403,2022-09-01
2022,"10",164.563,149.635,179.501,237.312,197.549,196.088,230.339,242.49,468.11,235.889,132.24,2496439,265.061,2468304,2022-10-01
2022,"11",163.611,150.371,176.659,242.376,195.947,196.34,232.179,244.746,461.904,236.6,131.801,2508819,263.157,2476536,2022-11-01
2022,"12",163.059,146.49,175.528,233.568,200.778,186.272,232.043,243.657,459.372,236.056,132.997,2455004,257.897,2483521,2022-12-01
2023,"01",163.764,148.419,179.408,240.539,187.156,185.642,234.463,245.267,433.237,235.951,136.678,2473968,260.227,2479646,2023-01-01
2023,"02",162.517,148.424,186.62,236.298,194.459,184.804,232.367,246.081,446.935,235.158,140.577,2472637,258.669,2471584,2023-02-01
2023,"03",162.101,144.835,179.074,233.331,202.307,176.984,231.944,246.206,403.374,234.736,140.125,2501708,257.062,2490045,2023-03-01
2023,"04",159.692,146.531,173.813,228.176,184.407,178.154,231.485,245.846,400.943,234.091,140.205,2552747,256.908,2543807,2023-04-01
2023,"05",158.532,145.137,170.859,231.51,192.615,172.124,229.385,269.372,434.42,235.044,137.117,2537648,253.67,2545835,2023-05-01
2023,"06",159.122,144.403,163.294,230.664,190.471,170.436,228.593,268.687,411.803,235.417,135.363,2524258,253.86,2541097,2023-06-01
2023,"07",159.459,145.777,166.124,230.773,178.666,171.156,228.442,268.56,436.784,233.698,137.375,2512724,253.835,2538072,2023-07-01
2023,"08",158.818,145.73,167.246,240.812,173.268,166.151,229.422,268.835,452.689,233.85,135.876,2523166,257.68,2548672,2023-08-01
2023,"09",158.438,148.651,169.812,242.879,182.025,170.43,230.969,272.586,432.525,233.824,138.54,2554003,258.934,2559208,2023-09-01
2023,"10",160.432,148.242,177.403,244.315,184.002,171.217,233.718,274.66,408.92,232.701,138.169,2581036,255.192,2550016,2023-10-01
2023,"11",159.509,151.514,178.266,240.901,187.206,169.445,234.578,274.815,396.223,232.52,137.626,2582638,252.856,2548858,2023-11-01
2023,"12",159.099,150.11,177.145,236.187,177.712,175.164,234.455,274.163,408.436,232.383,137.556,2525866,249.866,2556035,2023-12-01
2024,"01",159.814,145.213,169.259,242.245,178.925,175.51,236.926,273.473,420.196,232.854,138.181,2548274,251.306,2555003,2024-01-01
2024,"02",160.925,146.443,169.442,244.23,178.32,177.198,233.769,276.887,410.193,233.264,141.095,2571352,254.926,2567540,2024-02-01
2024,"03",161.808,147.7,165.366,245.484,172.822,178.643,233.432,278.082,398.465,233.363,142.526,2549915,255.095,2538978,2024-03-01
2024,"04",161.717,151.039,166.854,246.943,172.961,180.851,235.537,280.601,400.708,234.078,144.968,2556341,256.978,2545185,2024-04-01
2024,"05",160.522,147.99,165.018,244.791,181.575,179.802,235.927,281.451,414.552,234.061,143.976,2557484,255.313,2558452,2024-05-01
2024,"06",161.563,148.453,164.649,241.732,182.698,179.436,235.823,280.898,434.674,233.876,140.169,2555968,255.914,2567535,2024-06-01
2024,"07",162.565,146.904,167.297,247.454,190.065,180.861,237.16,284.265,439.668,234.124,140.948,2554519,257.321,2574923,2024-07-01
2024,"08",161.27,147.194,161.415,243.762,176.722,182.016,236.999,290.455,432.687,233.996,139.7,2560467,255.463,2581811,2024-08-01
2024,"09",160.284,148.674,163.818,243.046,172.163,179.902,237.67,288.245,414.282,233.922,139.675,2585238,252.682,2587145,2024-09-01
2024,"10",162.23,149.021,168.84,243.33,165.925,179.512,237.321,284.923,409.49,233.377,139.852,2623346,253.081,2586987,2024-10-01
2024,"11",161.221,146.789,170.597,243.394,160.349,179.451,237.085,286.941,396.571,233.18,141.809,2622190,253.211,2588177,2024-11-01
2024,"12",164.889,149.251,172.789,243.422,171.718,178.892,237.287,284.548,394.191,233.51,141.962,2554515,253.423,2584314,2024-12-01
