"series","window","n_obs","sample","adf_level","adf_level_lags","adf_level_reject","adf_level_sa","adf_level_sa_reject","kpss_level","kpss_level_reject","adf_diff","adf_diff_lags","adf_diff_reject","adf_diff_sa","adf_diff_sa_lags","adf_diff_sa_reject","kpss_diff","kpss_diff_reject","za_stat","za_cv5","za_break","za_reject","lag_at_ceiling","order"
"Trucking_LD_LTL","max",253,"2003-12 .. 2024-12",-2.4198429249258,1,FALSE,-3.02083877896355,FALSE,0.197460205634031,TRUE,-10.5215692400709,1,TRUE,-4.15337488627622,12,TRUE,0.0443558553074969,FALSE,-4.18967381504718,-5.08,"2021-10",FALSE,TRUE,"I(1)"
"Trucking_LD_LTL","common",252,"2004-01 .. 2024-12",-2.41134285007678,1,FALSE,-3.24241462249938,FALSE,0.199404028831742,TRUE,-10.518597736281,1,TRUE,-4.05095474532237,12,TRUE,0.0437038199856701,FALSE,-4.19085066883473,-5.08,"2021-10",FALSE,TRUE,"I(1)"
"Trucking_LD_Truckload","max",253,"2003-12 .. 2024-12",-2.82067879536097,8,FALSE,-2.3515094924483,FALSE,0.20861135436382,TRUE,-4.17744228289884,8,TRUE,-4.53759820336075,8,TRUE,0.0529590195712167,FALSE,-5.64105162271589,-5.08,"2021-07",TRUE,FALSE,"I(1)"
"Trucking_LD_Truckload","common",252,"2004-01 .. 2024-12",-2.81969890799206,8,FALSE,-2.32416683537747,FALSE,0.20929694838965,TRUE,-4.17230928748611,8,TRUE,-7.04421625730382,3,TRUE,0.0532009135326607,FALSE,-5.60858410912951,-5.08,"2021-07",TRUE,FALSE,"I(1)"
"Trucking_Local","max",253,"2003-12 .. 2024-12",-2.27523682540454,10,FALSE,-2.09656946788302,FALSE,0.19617571959747,TRUE,-4.70485606425743,9,TRUE,-5.08155932293837,9,TRUE,0.0776296859713071,FALSE,-4.1093800729858,-5.08,"2016-01",FALSE,FALSE,"I(1)"
"Trucking_Local","common",252,"2004-01 .. 2024-12",-2.23910274804321,10,FALSE,-2.3854742408113,FALSE,0.198119680038003,TRUE,-4.65710251661841,9,TRUE,-4.04367334175383,11,TRUE,0.0766841185707481,FALSE,-4.12553880185062,-5.08,"2016-01",FALSE,TRUE,"I(1)"
"Airfreight_Scheduled","max",253,"2003-12 .. 2024-12",-2.22876659852439,2,FALSE,-2.29888300253184,FALSE,0.29201934726232,TRUE,-9.54679884228191,1,TRUE,-9.55126314906048,1,TRUE,0.135359767681903,FALSE,-3.95299349794132,-5.08,"2010-09",FALSE,FALSE,"I(1)"
"Airfreight_Scheduled","common",252,"2004-01 .. 2024-12",-2.28591010464086,2,FALSE,-2.22556526370878,FALSE,0.290337521186518,TRUE,-9.52430028518458,1,TRUE,-9.8009781773173,1,TRUE,0.124221435345429,FALSE,-3.91325642166111,-5.08,"2010-09",FALSE,FALSE,"I(1)"
"Deep_Sea_Freight","max",253,"2003-12 .. 2024-12",-2.64328657501681,3,FALSE,-2.60319150632564,FALSE,0.292874833931362,TRUE,-7.10558333333823,2,TRUE,-7.20516667134587,2,TRUE,0.0855391520761417,FALSE,-4.64472849745165,-5.08,"2022-03",FALSE,FALSE,"I(1)"
"Deep_Sea_Freight","common",252,"2004-01 .. 2024-12",-2.64538861412608,3,FALSE,-2.66696092539601,FALSE,0.292105257097494,TRUE,-7.0911673537751,2,TRUE,-7.22705299098612,2,TRUE,0.0793724324107288,FALSE,-4.64871774519837,-5.08,"2022-03",FALSE,FALSE,"I(1)"
"Airfreight_NonScheduled","max",199,"2008-06 .. 2024-12",-3.21724319987355,2,FALSE,-3.08310234012442,FALSE,0.207326396365892,TRUE,-10.4610846731889,2,TRUE,-10.4965071008517,2,TRUE,0.116755755411683,FALSE,-5.48318736416333,-5.08,"2022-02",TRUE,FALSE,"I(1)"
"Airfreight_NonScheduled","common",199,"2008-06 .. 2024-12",-3.21724319987355,2,FALSE,-3.08310234012442,FALSE,0.207326396365892,TRUE,-10.4610846731889,2,TRUE,-10.4965071008517,2,TRUE,0.116755755411683,FALSE,-5.48318736416333,-5.08,"2022-02",TRUE,FALSE,"I(1)"
"Rail_Transportation","max",253,"2003-12 .. 2024-12",-2.98300625943427,1,FALSE,-3.50042774510614,TRUE,0.215973991081794,TRUE,-7.05584698566618,1,TRUE,-3.86289831800359,12,TRUE,0.218913705812066,FALSE,-3.83517601156651,-5.08,"2014-11",FALSE,TRUE,"I(1)"
"Rail_Transportation","common",252,"2004-01 .. 2024-12",-3.05859396040342,1,FALSE,-4.05209043982458,TRUE,0.2119520698506,TRUE,-7.01081029655117,1,TRUE,-3.93430519192956,12,TRUE,0.209994182998577,FALSE,-3.96817633204922,-5.08,"2014-11",FALSE,TRUE,"I(1)"
"Inland_Water_Freight","max",253,"2003-12 .. 2024-12",-3.04432834411212,12,FALSE,-2.98425282506997,FALSE,0.251419595717763,TRUE,-3.27375168602045,11,TRUE,-3.39066475561838,11,TRUE,0.252432996679231,FALSE,-3.66737875854255,-5.08,"2019-12",FALSE,TRUE,"I(1)"
"Inland_Water_Freight","common",252,"2004-01 .. 2024-12",-2.96839886715719,12,FALSE,-2.91239688277459,FALSE,0.247957625022482,TRUE,-3.2773969470569,11,TRUE,-3.1951367368291,11,TRUE,0.267133747992435,FALSE,-3.6274953452953,-5.08,"2019-12",FALSE,TRUE,"I(1)"
"TC_Aggregate_WPU30","max",187,"2009-06 .. 2024-12",-1.9458337545245,4,FALSE,-2.75319961343719,FALSE,0.17945633846867,TRUE,-5.71179354774914,2,TRUE,-3.10187893551319,12,TRUE,0.0763174422470125,FALSE,-4.46838142393569,-5.08,"2021-09",FALSE,TRUE,"I(1)"
"TC_Aggregate_WPU30","common",187,"2009-06 .. 2024-12",-1.9458337545245,4,FALSE,-2.75319961343719,FALSE,0.17945633846867,TRUE,-5.71179354774914,2,TRUE,-3.10187893551319,12,TRUE,0.0763174422470125,FALSE,-4.46838142393569,-5.08,"2021-09",FALSE,TRUE,"I(1)"
"Total_Inventories","max",253,"2003-12 .. 2024-12",-5.57749173888839,12,TRUE,-5.39785373069494,TRUE,0.126653339170202,FALSE,-3.25689335217744,12,TRUE,-2.98152046906696,12,TRUE,0.0423179736599973,FALSE,-7.32465352860448,-5.08,"2008-09",TRUE,TRUE,"I(0)"
"Total_Inventories","common",252,"2004-01 .. 2024-12",-5.60917125797764,12,TRUE,-6.39708296570882,TRUE,0.127651648376719,FALSE,-3.2166764131825,12,TRUE,-3.0168877748786,12,TRUE,0.0432134216907577,FALSE,-7.34816444814745,-5.08,"2008-09",TRUE,TRUE,"I(0)"
"Warehouse_Construction","max",241,"2004-12 .. 2024-12",-1.88121593891991,3,FALSE,-2.78258444832311,FALSE,0.278652113776639,TRUE,-4.33976861266695,2,TRUE,-2.24144250268599,12,FALSE,0.128904804536831,FALSE,-7.97445532015146,-5.08,"2021-09",TRUE,TRUE,"I(1)"
"Warehouse_Construction","common",241,"2004-12 .. 2024-12",-1.88121593891991,3,FALSE,-2.78258444832311,FALSE,0.278652113776639,TRUE,-4.33976861266695,2,TRUE,-2.24144250268599,12,FALSE,0.128904804536831,FALSE,-7.97445532015146,-5.08,"2021-09",TRUE,TRUE,"I(1)"
"Warehousing_Storage","max",193,"2008-12 .. 2024-12",-1.00546070315581,4,FALSE,-1.04384496200237,FALSE,0.3032123460725,TRUE,-3.83020733458008,6,TRUE,-2.20025333107344,12,FALSE,0.545632808481181,TRUE,-2.39009008409982,-5.08,"2018-11",FALSE,TRUE,"inconclusive"
"Warehousing_Storage","common",193,"2008-12 .. 2024-12",-1.00546070315581,4,FALSE,-1.04384496200237,FALSE,0.3032123460725,TRUE,-3.83020733458008,6,TRUE,-2.20025333107344,12,FALSE,0.545632808481181,TRUE,-2.39009008409982,-5.08,"2018-11",FALSE,TRUE,"inconclusive"
"PPI_All_Commodities","max",253,"2003-12 .. 2024-12",-2.67343084187026,2,FALSE,-2.22369682745697,FALSE,0.154277025039343,TRUE,-6.9459829226751,1,TRUE,-7.82253892950994,1,TRUE,0.0873910249031047,FALSE,-4.04514116651284,-5.08,"2014-09",FALSE,FALSE,"I(1)"
"PPI_All_Commodities","common",252,"2004-01 .. 2024-12",-2.6377924106708,2,FALSE,-2.9631056584913,FALSE,0.153858707420643,TRUE,-6.92494288586928,1,TRUE,-4.2590790097379,12,TRUE,0.0816595290677678,FALSE,-4.04373214616329,-5.08,"2014-09",FALSE,TRUE,"I(1)"
