"term","estimate","std_error","t_stat","p_value","equation","model","pair"
"ect1",-0.123337682231758,0.0266608594165201,-4.62617053354753,7.71124454059429e-06,"log_Trucking_LD_LTL","Model 1","log LTL trucking + log IC"
"constant",0.817174259043145,0.176355266650259,4.63368219483762,7.46892397969023e-06,"log_Trucking_LD_LTL","Model 1","log LTL trucking + log IC"
"sd1",-0.00221243806762123,0.00527419733910039,-0.419483368818846,0.675432706342891,"log_Trucking_LD_LTL","Model 1","log LTL trucking + log IC"
"sd2",-0.00343592909516671,0.00499928646124773,-0.687283899772601,0.49291143621508,"log_Trucking_LD_LTL","Model 1","log LTL trucking + log IC"
"sd3",-0.00387642782103713,0.00513272055650118,-0.755238431230624,0.451230283245378,"log_Trucking_LD_LTL","Model 1","log LTL trucking + log IC"
"sd4",-0.00570242967933709,0.00505303519389269,-1.12851572580165,0.2608128032924,"log_Trucking_LD_LTL","Model 1","log LTL trucking + log IC"
"sd5",-0.00193754971431789,0.00510167893929959,-0.379786681477039,0.704613768721532,"log_Trucking_LD_LTL","Model 1","log LTL trucking + log IC"
"sd6",-0.000303738398280011,0.00509121196841026,-0.059659350300996,0.952502339643202,"log_Trucking_LD_LTL","Model 1","log LTL trucking + log IC"
"sd7",-0.00897152771393869,0.00497127937467589,-1.804671803327,0.0730304264903492,"log_Trucking_LD_LTL","Model 1","log LTL trucking + log IC"
"sd8",0.00358529350583983,0.00505284739975044,0.709559031214145,0.479023438881622,"log_Trucking_LD_LTL","Model 1","log LTL trucking + log IC"
"sd9",-0.00411828942318225,0.00514809885904196,-0.799963158428672,0.424933244450594,"log_Trucking_LD_LTL","Model 1","log LTL trucking + log IC"
"sd10",0.00383246348517814,0.00502594011420547,0.762536639532562,0.446876681330657,"log_Trucking_LD_LTL","Model 1","log LTL trucking + log IC"
"sd11",-0.00308314293718969,0.0052659358737647,-0.58548812805529,0.559054861012378,"log_Trucking_LD_LTL","Model 1","log LTL trucking + log IC"
"log_Trucking_LD_LTL.dl1",-0.250055618120973,0.0773408335472811,-3.23316425039698,0.00149053852793718,"log_Trucking_LD_LTL","Model 1","log LTL trucking + log IC"
"log_IC.dl1",0.623300182681804,0.19912632941899,3.13017462080713,0.00208141945469754,"log_Trucking_LD_LTL","Model 1","log LTL trucking + log IC"
"log_Trucking_LD_LTL.dl2",-0.118706060281538,0.0776203373016395,-1.52931647050483,0.128185598840847,"log_Trucking_LD_LTL","Model 1","log LTL trucking + log IC"
"log_IC.dl2",-0.124572226043767,0.21054066485379,-0.591677746103233,0.554912034425682,"log_Trucking_LD_LTL","Model 1","log LTL trucking + log IC"
"log_Trucking_LD_LTL.dl3",-0.109834415811813,0.0774327862109541,-1.41844845299232,0.158029324989392,"log_Trucking_LD_LTL","Model 1","log LTL trucking + log IC"
"log_IC.dl3",0.200691170741804,0.208516877158653,0.962469673805373,0.33728441721232,"log_Trucking_LD_LTL","Model 1","log LTL trucking + log IC"
"log_Trucking_LD_LTL.dl4",-0.311208950450218,0.0774346763850676,-4.0189869058487,9.02370526155545e-05,"log_Trucking_LD_LTL","Model 1","log LTL trucking + log IC"
"log_IC.dl4",0.218918458334807,0.20795368271641,1.05272700860677,0.294073427482573,"log_Trucking_LD_LTL","Model 1","log LTL trucking + log IC"
"log_Trucking_LD_LTL.dl5",-0.140394305494764,0.0774784064206801,-1.81204430990065,0.0718781291085762,"log_Trucking_LD_LTL","Model 1","log LTL trucking + log IC"
"log_IC.dl5",0.631938146557372,0.199636832124943,3.16543866094746,0.0018582226865812,"log_Trucking_LD_LTL","Model 1","log LTL trucking + log IC"
"ect1",-0.00893310273231189,0.0105751747417058,-0.844723888777178,0.399542290539333,"log_IC","Model 1","log LTL trucking + log IC"
"constant",0.0601574018020543,0.0699522746926525,0.859977778655038,0.391104283119402,"log_IC","Model 1","log LTL trucking + log IC"
"sd1",0.00141992758658672,0.00209203903039471,0.678729013157477,0.498302528902892,"log_IC","Model 1","log LTL trucking + log IC"
"sd2",0.00214070333836905,0.00198299413704494,1.07953084599591,0.281996330271926,"log_IC","Model 1","log LTL trucking + log IC"
"sd3",0.00320713293906538,0.00203592149590316,1.57527338137498,0.117193557219426,"log_IC","Model 1","log LTL trucking + log IC"
"sd4",0.00231531070863112,0.00200431386387691,1.15516374474039,0.249767364531265,"log_IC","Model 1","log LTL trucking + log IC"
"sd5",0.00194380301413351,0.00202360866978441,0.960562703232832,0.338239760620043,"log_IC","Model 1","log LTL trucking + log IC"
"sd6",0.00131646325826638,0.00201945688891187,0.651889755851991,0.51541945496452,"log_IC","Model 1","log LTL trucking + log IC"
"sd7",0.00287186526590149,0.00197188497398774,1.45640608036772,0.147264724170209,"log_IC","Model 1","log LTL trucking + log IC"
"sd8",0.00289313850336947,0.00200423937431005,1.44350946321739,0.150856811023957,"log_IC","Model 1","log LTL trucking + log IC"
"sd9",0.00234079091137233,0.00204202138315956,1.14631067562598,0.253399714055544,"log_IC","Model 1","log LTL trucking + log IC"
"sd10",0.000273902256659934,0.00199356645330561,0.13739309076242,0.890895020137968,"log_IC","Model 1","log LTL trucking + log IC"
"sd11",0.00364611646650703,0.002088762075283,1.74558725938809,0.0828266115853273,"log_IC","Model 1","log LTL trucking + log IC"
"log_Trucking_LD_LTL.dl1",0.0169451346745573,0.0306776618357951,0.552360697019794,0.581481781681237,"log_IC","Model 1","log LTL trucking + log IC"
"log_IC.dl1",0.27966925144614,0.078984540459917,3.54081000937223,0.000524387769518659,"log_IC","Model 1","log LTL trucking + log IC"
"log_Trucking_LD_LTL.dl2",0.0271518853403539,0.030788528518565,0.881883176845614,0.379179632507084,"log_IC","Model 1","log LTL trucking + log IC"
"log_IC.dl2",0.0953105696204909,0.0835120986266525,1.14127858343717,0.255480820616215,"log_IC","Model 1","log LTL trucking + log IC"
"log_Trucking_LD_LTL.dl3",-0.000933190037110455,0.0307141353594395,-0.0303830801743099,0.975799883661574,"log_IC","Model 1","log LTL trucking + log IC"
"log_IC.dl3",0.239470651218205,0.0827093522417055,2.89532736900645,0.00432418658176043,"log_IC","Model 1","log LTL trucking + log IC"
"log_Trucking_LD_LTL.dl4",-0.007380982748117,0.0307148851072713,-0.240306376609876,0.810404260014995,"log_IC","Model 1","log LTL trucking + log IC"
"log_IC.dl4",-0.00867190092372278,0.0824859581062341,-0.105131844532304,0.916404537640172,"log_IC","Model 1","log LTL trucking + log IC"
"log_Trucking_LD_LTL.dl5",-0.0230637133583918,0.0307322308634917,-0.750473125782427,0.45408595859905,"log_IC","Model 1","log LTL trucking + log IC"
"log_IC.dl5",0.0927310605003005,0.0791870341319034,1.17103843472451,0.24334638529828,"log_IC","Model 1","log LTL trucking + log IC"
"ect1",-0.046117645789435,0.01253539750858,-3.6789934868734,0.000318891473087451,"log_Trucking_LD_Truckload","Model 2","log truckload + log IC"
"constant",1.33587507501846,0.362788869016211,3.68223831850467,0.000315172133639271,"log_Trucking_LD_Truckload","Model 2","log truckload + log IC"
"sd1",-0.00527583782827584,0.00722524954386878,-0.730194548471039,0.466332426982159,"log_Trucking_LD_Truckload","Model 2","log truckload + log IC"
"sd2",-0.00324565824724853,0.00710341232226184,-0.456915366869069,0.648347757900608,"log_Trucking_LD_Truckload","Model 2","log truckload + log IC"
"sd3",-0.011201663495398,0.00697892042766024,-1.60507110111205,0.11043789468444,"log_Trucking_LD_Truckload","Model 2","log truckload + log IC"
"sd4",0.000460958971650618,0.00710383091972095,0.0648887870305232,0.948343047980286,"log_Trucking_LD_Truckload","Model 2","log truckload + log IC"
"sd5",-0.00526644142178559,0.00709124610160568,-0.742667980539147,0.458764927852761,"log_Trucking_LD_Truckload","Model 2","log truckload + log IC"
"sd6",0.00304882135223872,0.00695371731562952,0.43844482222279,0.661651606080993,"log_Trucking_LD_Truckload","Model 2","log truckload + log IC"
"sd7",-0.00196135205691138,0.00693760020225837,-0.282713330219419,0.77775974019129,"log_Trucking_LD_Truckload","Model 2","log truckload + log IC"
"sd8",-0.00836349119413267,0.00705797201852951,-1.18497086304334,0.237775149124907,"log_Trucking_LD_Truckload","Model 2","log truckload + log IC"
"sd9",0.000520093864316487,0.0070105438792097,0.0741873773672346,0.940953383632894,"log_Trucking_LD_Truckload","Model 2","log truckload + log IC"
"sd10",-0.000227002615787507,0.00716936994837772,-0.0316628403084252,0.974780146790226,"log_Trucking_LD_Truckload","Model 2","log truckload + log IC"
"sd11",-0.00818092302646289,0.0071292569356195,-1.14751412388983,0.252871511039346,"log_Trucking_LD_Truckload","Model 2","log truckload + log IC"
"log_Trucking_LD_Truckload.dl1",-0.0577099186644524,0.08115186220237,-0.71113486614195,0.478029664824843,"log_Trucking_LD_Truckload","Model 2","log truckload + log IC"
"log_IC.dl1",0.821769429864878,0.298107223405137,2.75662367546213,0.00651456387460799,"log_Trucking_LD_Truckload","Model 2","log truckload + log IC"
"log_Trucking_LD_Truckload.dl2",-0.120071104411253,0.0857740228777857,-1.39985394625054,0.163481025069284,"log_Trucking_LD_Truckload","Model 2","log truckload + log IC"
"log_IC.dl2",0.424904326898704,0.29627030448008,1.43417791278259,0.153460914515279,"log_Trucking_LD_Truckload","Model 2","log truckload + log IC"
"log_Trucking_LD_Truckload.dl3",0.0565211833659834,0.0875666742335504,0.645464542997658,0.519545003367367,"log_Trucking_LD_Truckload","Model 2","log truckload + log IC"
"log_IC.dl3",0.0268697942347075,0.288197703779267,0.0932338942411811,0.925833667670261,"log_Trucking_LD_Truckload","Model 2","log truckload + log IC"
"log_Trucking_LD_Truckload.dl4",-0.254990645669955,0.0881985641176935,-2.89109747103923,0.0043694033335311,"log_Trucking_LD_Truckload","Model 2","log truckload + log IC"
"log_IC.dl4",-0.35217336113983,0.272618828695088,-1.29181598653892,0.198272205612801,"log_Trucking_LD_Truckload","Model 2","log truckload + log IC"
"ect1",0.00396824313883621,0.00332978607932075,1.1917411642389,0.235116496665417,"log_IC","Model 2","log truckload + log IC"
"constant",-0.113170278681149,0.0963678515145497,-1.17435718346447,0.241986083403834,"log_IC","Model 2","log truckload + log IC"
"sd1",-4.77745705212491e-05,0.0019192479005413,-0.0248923396022864,0.980171663250961,"log_IC","Model 2","log truckload + log IC"
"sd2",0.00168263172941167,0.00188688419734224,0.89175145553804,0.373856973345168,"log_IC","Model 2","log truckload + log IC"
"sd3",0.00217235694984416,0.00185381533156842,1.17183028581722,0.242996378288048,"log_IC","Model 2","log truckload + log IC"
"sd4",0.00213918443058973,0.00188699538966711,1.1336458172095,0.25862837668045,"log_IC","Model 2","log truckload + log IC"
"sd5",0.00117846871285522,0.00188365247595877,0.625629582896065,0.532443777109976,"log_IC","Model 2","log truckload + log IC"
"sd6",0.00110924650565364,0.00184712061195239,0.600527382173045,0.548999231003333,"log_IC","Model 2","log truckload + log IC"
"sd7",0.00153430718103336,0.0018428394122772,0.832577798592559,0.406316195073315,"log_IC","Model 2","log truckload + log IC"
"sd8",0.00149323309707731,0.00187481385887037,0.796470054886958,0.426931757431846,"log_IC","Model 2","log truckload + log IC"
"sd9",0.00167624668424137,0.00186221549029314,0.900135721659963,0.369392437521386,"log_IC","Model 2","log truckload + log IC"
"sd10",-0.000589633121082799,0.00190440456597159,-0.309615473318287,0.757253748202807,"log_IC","Model 2","log truckload + log IC"
"sd11",0.00271929794766641,0.00189374931938762,1.43593342573226,0.152961390927947,"log_IC","Model 2","log truckload + log IC"
"log_Trucking_LD_Truckload.dl1",0.0827500081259342,0.0215564237901074,3.83876328150079,0.000177368298458609,"log_IC","Model 2","log truckload + log IC"
"log_IC.dl1",0.177869663704939,0.0791864224457153,2.24621416413747,0.026050430932739,"log_IC","Model 2","log truckload + log IC"
"log_Trucking_LD_Truckload.dl2",0.0446078062357807,0.0227842114420625,1.95783849483723,0.0519775951436341,"log_IC","Model 2","log truckload + log IC"
"log_IC.dl2",0.0289104594206079,0.0786984804349964,0.36735727628804,0.713834969169707,"log_IC","Model 2","log truckload + log IC"
"log_Trucking_LD_Truckload.dl3",0.0536322706089602,0.0232603946285482,2.30573347810427,0.0224013347568501,"log_IC","Model 2","log truckload + log IC"
"log_IC.dl3",0.160931768994931,0.0765541500761801,2.10219522827679,0.0370921898370845,"log_IC","Model 2","log truckload + log IC"
"log_Trucking_LD_Truckload.dl4",0.0376060253675725,0.0234282439638758,1.60515766463579,0.110418834550938,"log_IC","Model 2","log truckload + log IC"
"log_IC.dl4",0.027834021160997,0.0724159229995141,0.384363272718125,0.701216412724504,"log_IC","Model 2","log truckload + log IC"
"ect1",-0.0089406156844182,0.0155785726567756,-0.573904675440832,0.566818553780073,"log_Trucking_Local","Model 3","log local trucking + log IC"
"constant",-0.107948059588467,0.189187900774687,-0.570586486484821,0.569060930794376,"log_Trucking_Local","Model 3","log local trucking + log IC"
"sd1",0.00348624775332365,0.00528011524450427,0.660259784471988,0.51001341078886,"log_Trucking_Local","Model 3","log local trucking + log IC"
"sd2",0.00989954892805929,0.00521433944291737,1.89852406741679,0.0593834018783038,"log_Trucking_Local","Model 3","log local trucking + log IC"
"sd3",0.000950343833824034,0.00521645183118,0.182182039551022,0.855664862766705,"log_Trucking_Local","Model 3","log local trucking + log IC"
"sd4",0.00455308868615817,0.00519761553381946,0.875995666961605,0.38231363481407,"log_Trucking_Local","Model 3","log local trucking + log IC"
"sd5",0.00712096500689796,0.00515387909012604,1.38167094772179,0.168952057927338,"log_Trucking_Local","Model 3","log local trucking + log IC"
"sd6",0.00507180227495707,0.00513232360261882,0.988207811442195,0.324506607979107,"log_Trucking_Local","Model 3","log local trucking + log IC"
"sd7",0.00271389774211411,0.00511559713312722,0.53051436058943,0.596472975314275,"log_Trucking_Local","Model 3","log local trucking + log IC"
"sd8",0.003490756288648,0.005183643788198,0.673417470659476,0.501629650702369,"log_Trucking_Local","Model 3","log local trucking + log IC"
"sd9",0.00465048978910646,0.00520492593691806,0.893478571159095,0.372910195445991,"log_Trucking_Local","Model 3","log local trucking + log IC"
"sd10",0.00610796841376052,0.00519476938228536,1.17579202545338,0.241382040483432,"log_Trucking_Local","Model 3","log local trucking + log IC"
"sd11",0.00327160911215189,0.00523224693607205,0.625278040605621,0.532657677566567,"log_Trucking_Local","Model 3","log local trucking + log IC"
"log_Trucking_Local.dl1",0.0133217502751964,0.0803717924352166,0.165751563720995,0.86855661962595,"log_Trucking_Local","Model 3","log local trucking + log IC"
"log_IC.dl1",0.284509070566012,0.221548541950209,1.28418389966183,0.200888793338065,"log_Trucking_Local","Model 3","log local trucking + log IC"
"log_Trucking_Local.dl2",-0.00117921655423385,0.0790691927101902,-0.0149137295299826,0.988119134024344,"log_Trucking_Local","Model 3","log local trucking + log IC"
"log_IC.dl2",-0.223722389942836,0.216177971435742,-1.03489910862327,0.302239634021174,"log_Trucking_Local","Model 3","log local trucking + log IC"
"log_Trucking_Local.dl3",0.1824682846724,0.0813620109840171,2.24267176370855,0.0262579582868733,"log_Trucking_Local","Model 3","log local trucking + log IC"
"log_IC.dl3",0.235569211315284,0.201888552016275,1.16682797990593,0.244973690278806,"log_Trucking_Local","Model 3","log local trucking + log IC"
"ect1",0.0183701799114356,0.00562673423381601,3.26480319632531,0.00133347741457631,"log_IC","Model 3","log local trucking + log IC"
"constant",0.224549772853624,0.0683316797607727,3.28617375776165,0.00124212757507864,"log_IC","Model 3","log local trucking + log IC"
"sd1",0.00147713556537444,0.00190709417732339,0.774547782138169,0.43972216082618,"log_IC","Model 3","log local trucking + log IC"
"sd2",0.00227551107006397,0.00188333699733651,1.20823361580115,0.228696739839683,"log_IC","Model 3","log local trucking + log IC"
"sd3",0.00264232769460678,0.00188409995859197,1.40243498364145,0.162675484558148,"log_IC","Model 3","log local trucking + log IC"
"sd4",0.00179754150892098,0.00187729658568149,0.957515995411263,0.339716280381541,"log_IC","Model 3","log local trucking + log IC"
"sd5",0.00218260569521623,0.00186149967344717,1.1724985646516,0.242697268897169,"log_IC","Model 3","log local trucking + log IC"
"sd6",0.00128011270199544,0.00185371417203086,0.690566388988114,0.490814267273244,"log_IC","Model 3","log local trucking + log IC"
"sd7",0.00225634864484344,0.00184767283560211,1.22118407618855,0.223768997862277,"log_IC","Model 3","log local trucking + log IC"
"sd8",0.0025780033278884,0.00187225021197792,1.37695448578152,0.170402981907915,"log_IC","Model 3","log local trucking + log IC"
"sd9",0.00221960367744645,0.00187993698774426,1.18067982699237,0.239439466175674,"log_IC","Model 3","log local trucking + log IC"
"sd10",0.000243247631681115,0.00187626860072906,0.129644354537829,0.897006679331524,"log_IC","Model 3","log local trucking + log IC"
"sd11",0.00342312957587324,0.001889804900847,1.81136665183745,0.071913885234168,"log_IC","Model 3","log local trucking + log IC"
"log_Trucking_Local.dl1",0.0125571254544058,0.0290290212005848,0.432571438342289,0.665894428497879,"log_IC","Model 3","log local trucking + log IC"
"log_IC.dl1",0.252204238912634,0.0800198319132326,3.1517716656304,0.00192970791272269,"log_IC","Model 3","log local trucking + log IC"
"log_Trucking_Local.dl2",0.0867686590968364,0.0285585427666971,3.03827333928325,0.00276946072723037,"log_IC","Model 3","log local trucking + log IC"
"log_IC.dl2",0.00551397092726974,0.078080066721989,0.0706194443570691,0.943786675263879,"log_IC","Model 3","log local trucking + log IC"
"log_Trucking_Local.dl3",-0.0147851907360703,0.0293866724906131,-0.503125719347541,0.61555092604989,"log_IC","Model 3","log local trucking + log IC"
"log_IC.dl3",0.20663473275992,0.0729189542632105,2.83375886074895,0.00517853236878685,"log_IC","Model 3","log local trucking + log IC"
"ect1",-0.0498812372087925,0.0109430623720036,-4.55825211564242,1.01542121499289e-05,"log_Airfreight_Scheduled","Model 4","log scheduled airfreight + log IC"
"constant",1.32862008633899,0.291348779689533,4.56023906382858,1.00695255277999e-05,"log_Airfreight_Scheduled","Model 4","log scheduled airfreight + log IC"
"sd1",-0.00418965677019001,0.00608437131242749,-0.688593209561771,0.492070337338219,"log_Airfreight_Scheduled","Model 4","log scheduled airfreight + log IC"
"sd2",-0.00305885141734405,0.00604213605638146,-0.506253316509385,0.613371359147849,"log_Airfreight_Scheduled","Model 4","log scheduled airfreight + log IC"
"sd3",-0.00448542371087492,0.00600762952713972,-0.746621223997223,0.456381114592811,"log_Airfreight_Scheduled","Model 4","log scheduled airfreight + log IC"
"sd4",-0.0020805479800985,0.00601895969839242,-0.345665710414075,0.730045198765781,"log_Airfreight_Scheduled","Model 4","log scheduled airfreight + log IC"
"sd5",0.00606317853957227,0.00601419360208878,1.00814488869571,0.314897657472409,"log_Airfreight_Scheduled","Model 4","log scheduled airfreight + log IC"
"sd6",0.000448059378257223,0.00592104163607666,0.0756723910751135,0.939773689562283,"log_Airfreight_Scheduled","Model 4","log scheduled airfreight + log IC"
"sd7",0.00395470226059981,0.00595581123129352,0.664007321088465,0.507635414285522,"log_Airfreight_Scheduled","Model 4","log scheduled airfreight + log IC"
"sd8",-0.00333724631529883,0.00600749948337975,-0.555513375328887,0.579314647384114,"log_Airfreight_Scheduled","Model 4","log scheduled airfreight + log IC"
"sd9",0.000246363827735233,0.00605550215301883,0.0406842936406874,0.967597991091598,"log_Airfreight_Scheduled","Model 4","log scheduled airfreight + log IC"
"sd10",-0.00281163795030198,0.00602670982162377,-0.466529505073208,0.641467179986494,"log_Airfreight_Scheduled","Model 4","log scheduled airfreight + log IC"
"sd11",0.00065637904716006,0.00605755457248256,0.108357100098078,0.913847353748784,"log_Airfreight_Scheduled","Model 4","log scheduled airfreight + log IC"
"log_Airfreight_Scheduled.dl1",-0.135615243178294,0.0743640464326265,-1.82366680787281,0.0700568992655222,"log_Airfreight_Scheduled","Model 4","log scheduled airfreight + log IC"
"log_IC.dl1",0.0465926381403988,0.252947871826692,0.184198577374559,0.854089476586112,"log_Airfreight_Scheduled","Model 4","log scheduled airfreight + log IC"
"log_Airfreight_Scheduled.dl2",-0.0167965355341803,0.0743749850024267,-0.225835817427489,0.821615551265963,"log_Airfreight_Scheduled","Model 4","log scheduled airfreight + log IC"
"log_IC.dl2",0.273484703119863,0.254210050932577,1.07582175494862,0.283616492098615,"log_Airfreight_Scheduled","Model 4","log scheduled airfreight + log IC"
"log_Airfreight_Scheduled.dl3",-0.173155585931372,0.0782966036036373,-2.21153380813224,0.02840754512988,"log_Airfreight_Scheduled","Model 4","log scheduled airfreight + log IC"
"log_IC.dl3",-0.17191300532085,0.23933884481666,-0.718282924163604,0.473623909986643,"log_Airfreight_Scheduled","Model 4","log scheduled airfreight + log IC"
"log_Airfreight_Scheduled.dl4",-0.330669547419577,0.079119861161453,-4.1793494397672,4.78388752749489e-05,"log_Airfreight_Scheduled","Model 4","log scheduled airfreight + log IC"
"log_IC.dl4",0.48338724900983,0.232985764218818,2.07475014892256,0.0396008248858039,"log_Airfreight_Scheduled","Model 4","log scheduled airfreight + log IC"
"ect1",-0.00460255848603246,0.00341521553826737,-1.34766266856687,0.179660243525039,"log_IC","Model 4","log scheduled airfreight + log IC"
"constant",0.123785611346937,0.0909269129267282,1.36137483790621,0.175297471539366,"log_IC","Model 4","log scheduled airfreight + log IC"
"sd1",0.000566858113812164,0.00189886877552229,0.29852411136533,0.765688116225533,"log_IC","Model 4","log scheduled airfreight + log IC"
"sd2",0.00154157079761019,0.00188568759297872,0.817511237465936,0.414844489966787,"log_IC","Model 4","log scheduled airfreight + log IC"
"sd3",0.0025376895426312,0.00187491846539524,1.35349327955776,0.177795276758953,"log_IC","Model 4","log scheduled airfreight + log IC"
"sd4",0.00202829803812928,0.00187845449357438,1.07976958987693,0.281859695152035,"log_IC","Model 4","log scheduled airfreight + log IC"
"sd5",0.00137049738456082,0.00187696704466842,0.730165928301066,0.46634987059167,"log_IC","Model 4","log scheduled airfreight + log IC"
"sd6",0.00107642951106126,0.00184789528843328,0.582516508267031,0.561033737490507,"log_IC","Model 4","log scheduled airfreight + log IC"
"sd7",0.00148724180937623,0.00185874651616161,0.800131592148156,0.424813591939221,"log_IC","Model 4","log scheduled airfreight + log IC"
"sd8",0.00184373849215835,0.0018748778800952,0.983391244695218,0.326890405899037,"log_IC","Model 4","log scheduled airfreight + log IC"
"sd9",0.00115438162514186,0.00188985901221861,0.610829494516985,0.542173840727232,"log_IC","Model 4","log scheduled airfreight + log IC"
"sd10",-7.51115046556704e-06,0.00188087322613601,-0.00399343792085213,0.996818649850231,"log_IC","Model 4","log scheduled airfreight + log IC"
"sd11",0.00302307004251601,0.00189049955090927,1.59908530052917,0.111762261981136,"log_IC","Model 4","log scheduled airfreight + log IC"
"log_Airfreight_Scheduled.dl1",0.0103779979922427,0.023208242650146,0.447168626624879,0.655354306362602,"log_IC","Model 4","log scheduled airfreight + log IC"
"log_IC.dl1",0.260769353575987,0.0789423904266763,3.30328676603981,0.00117752631556004,"log_IC","Model 4","log scheduled airfreight + log IC"
"log_Airfreight_Scheduled.dl2",0.0881544371786148,0.0232116564635995,3.79785205406854,0.000206474368064413,"log_IC","Model 4","log scheduled airfreight + log IC"
"log_IC.dl2",0.128908094552393,0.0793363033504958,1.62483111902626,0.106154594968659,"log_IC","Model 4","log scheduled airfreight + log IC"
"log_Airfreight_Scheduled.dl3",0.0056393828794038,0.0244355526936235,0.23078597607802,0.817774085719439,"log_IC","Model 4","log scheduled airfreight + log IC"
"log_IC.dl3",0.219580404768346,0.074695155153279,2.93968737755151,0.00376911793404706,"log_IC","Model 4","log scheduled airfreight + log IC"
"log_Airfreight_Scheduled.dl4",-0.0139063297348555,0.0246924827839281,-0.563180699832535,0.57409532041413,"log_IC","Model 4","log scheduled airfreight + log IC"
"log_IC.dl4",0.00268623915382456,0.0727124250146732,0.0369433305694658,0.970575956830195,"log_IC","Model 4","log scheduled airfreight + log IC"
