"system","dummies","ecdet","lag_rule","K","cv_valid","equation","ect_term","estimate","t_stat","p_value"
"TL_Air_IC","orig","none","SBC",2,FALSE,"Truckload","ect1",-0.0455899504101016,-2.53337367827142,0.0119571262598703
"TL_Air_IC","orig","none","SBC",2,FALSE,"Airfreight","ect1",-0.0113849181813835,-0.612367524111727,0.540894347849879
"TL_Air_IC","orig","none","SBC",2,FALSE,"IC","ect1",0.024421804495165,3.87829075201735,0.000137036612583567
"TL_Air_IC","orig","const","AIC",5,FALSE,"Truckload","ect1",-0.0225991023461069,-1.62471103591379,0.10564943609532
"TL_Air_IC","orig","const","AIC",5,FALSE,"Airfreight","ect1",-0.0205065825230423,-1.40530911089137,0.161333543251192
"TL_Air_IC","orig","const","AIC",5,FALSE,"IC","ect1",0.0226283767054147,4.68248597013624,4.94584467713632e-06
"TL_Air_IC","orig","const","SBC",2,FALSE,"Truckload","ect1",-0.021574920963186,-1.63895493824848,0.102572177164955
"TL_Air_IC","orig","const","SBC",2,FALSE,"Airfreight","ect1",0.00175547419306978,0.12988731321192,0.896767643279325
"TL_Air_IC","orig","const","SBC",2,FALSE,"IC","ect1",0.0286166268742882,6.27131587524491,1.72226318761618e-09
"TL_Air_IC","orig","trend","SBC",2,FALSE,"Truckload","ect1",-0.0426485734150683,-2.18200725259638,0.0301129924832887
"TL_Air_IC","orig","trend","SBC",2,FALSE,"Airfreight","ect1",-0.00390953530151944,-0.194145699228774,0.846231687250735
"TL_Air_IC","orig","trend","SBC",2,FALSE,"IC","ect1",0.0286035691913292,4.22026257767049,3.50293069417951e-05
"TL_Air_IC","za_step","const","SBC",2,FALSE,"Truckload","ect1",0.00398640584199947,0.389499944062618,0.697262119720361
"TL_Air_IC","za_step","const","SBC",2,FALSE,"Airfreight","ect1",0.00826887205580289,0.803539580008798,0.422481911921375
"TL_Air_IC","za_step","const","SBC",2,FALSE,"IC","ect1",0.0200943386474923,5.7900934779584,2.26163192959001e-08
"TL_Air_IC","za_window","none","SBC",2,FALSE,"Truckload","ect1",-0.0766460270033332,-3.55069191547727,0.000465141647913531
"TL_Air_IC","za_window","none","SBC",2,FALSE,"Airfreight","ect1",-0.0102606755998417,-0.455963122448156,0.648843006182275
"TL_Air_IC","za_window","none","SBC",2,FALSE,"IC","ect1",0.0176652037356401,2.30801748887567,0.0218788700583647
"TL_Air_IC","za_window","const","AIC",5,FALSE,"Truckload","ect1",-0.0208483455858966,-1.3201859362807,0.18813864976192
"TL_Air_IC","za_window","const","AIC",5,FALSE,"Airfreight","ect1",-0.0136959929365556,-0.83052099858823,0.407140588211849
"TL_Air_IC","za_window","const","AIC",5,FALSE,"IC","ect1",0.021892564677335,3.98693219907652,9.09670862543182e-05
"TL_Air_IC","za_window","const","SBC",2,FALSE,"Truckload","ect1",-0.0171573592529655,-1.26408368503327,0.207463112814595
"TL_Air_IC","za_window","const","SBC",2,FALSE,"Airfreight","ect1",0.00743009776388748,0.537176410376282,0.591658372795249
"TL_Air_IC","za_window","const","SBC",2,FALSE,"IC","ect1",0.0262277085359464,5.61185111198463,5.6609830594669e-08
"TL_Air_IC","za_window","trend","SBC",2,FALSE,"Truckload","ect1",-0.0662422387906827,-4.58871293454301,7.30437097729579e-06
"TL_Air_IC","za_window","trend","SBC",2,FALSE,"Airfreight","ect1",-0.0247143170649474,-1.6229990029781,0.105947623317928
"TL_Air_IC","za_window","trend","SBC",2,FALSE,"IC","ect1",0.00599332513634066,1.14138849594864,0.254885036083606
"LTL_Air_IC","none","const","SBC",2,TRUE,"LTL","ect1",0.0175773943478174,1.1651484807321,0.245140219694213
"LTL_Air_IC","none","const","SBC",2,TRUE,"Airfreight","ect1",0.0247158666499331,1.31359404215613,0.190263850723387
"LTL_Air_IC","none","const","SBC",2,TRUE,"IC","ect1",0.0321858581898452,4.58624005599815,7.34032140485252e-06
"LTL_Air_IC","orig","const","AIC",6,FALSE,"LTL","ect1",-0.0218775931565941,-0.712471968343994,0.476937924209468
"LTL_Air_IC","orig","const","AIC",6,FALSE,"Airfreight","ect1",0.0452330241359951,1.16209777893851,0.246472275050656
"LTL_Air_IC","orig","const","AIC",6,FALSE,"IC","ect1",0.0566119949663584,4.20935534804657,3.7508933479931e-05
"LTL_Air_IC","orig","const","SBC",2,FALSE,"LTL","ect1",0.00304478633419528,0.154709512381497,0.877184260514285
"LTL_Air_IC","orig","const","SBC",2,FALSE,"Airfreight","ect1",0.0362344526161128,1.47325270370303,0.142032542906803
"LTL_Air_IC","orig","const","SBC",2,FALSE,"IC","ect1",0.0478381419047368,5.38070060406233,1.80481059803183e-07
"LTL_Air_IC","orig","trend","AIC",6,FALSE,"LTL","ect1",-0.0824104092764621,-3.91396158805206,0.000121695241538445
"LTL_Air_IC","orig","trend","AIC",6,FALSE,"Airfreight","ect1",-0.0750359059673937,-2.74187855343021,0.0066210821507593
"LTL_Air_IC","orig","trend","AIC",6,FALSE,"IC","ect1",0.000133798486488939,0.0136046246637853,0.989157972277686
"LTL_Air_IC","za_step","const","SBC",2,FALSE,"LTL","ect1",0.0131494397605481,1.19314301165948,0.234026884042874
"LTL_Air_IC","za_step","const","SBC",2,FALSE,"Airfreight","ect1",0.0163652042655132,1.19035119861987,0.23511976086717
"LTL_Air_IC","za_step","const","SBC",2,FALSE,"IC","ect1",0.0288826332416192,5.89723877704833,1.29039701414091e-08
"LTL_Air_IC","za_step","trend","AIC",6,FALSE,"LTL","ect1",-0.0748000499022963,-3.91448315346124,0.000121449987446358
"LTL_Air_IC","za_step","trend","AIC",6,FALSE,"Airfreight","ect1",-0.0735481228672951,-2.98411018773975,0.00317139957762189
"LTL_Air_IC","za_step","trend","AIC",6,FALSE,"IC","ect1",-0.0201100894942591,-2.28960177025024,0.0230103902716119
"LTL_Air_IC","za_window","const","AIC",3,FALSE,"LTL","ect1",0.0152991833038417,2.22136895426105,0.0273047271512569
"LTL_Air_IC","za_window","const","AIC",3,FALSE,"Airfreight","ect1",0.00912738339509768,1.06526536481165,0.287877745686938
"LTL_Air_IC","za_window","const","AIC",3,FALSE,"IC","ect1",0.0127206612868002,4.29059201251973,2.62977301770645e-05
"LTL_Air_IC","za_window","const","SBC",2,FALSE,"LTL","ect1",0.0156576297865356,1.83339657338869,0.0680193345029824
"LTL_Air_IC","za_window","const","SBC",2,FALSE,"Airfreight","ect1",0.0128849734270331,1.20448478631415,0.229624325029428
"LTL_Air_IC","za_window","const","SBC",2,FALSE,"IC","ect1",0.0205992840044308,5.3980256436716,1.65659637448412e-07
