"run","Model","ic_series","dummies","dummies_active","dummies_dropped","ecdet","lag_rule","K","n_months","cv_valid","rank_10pct","rank_5pct","rank_1pct","eigen_rank_5pct","tests_agree_5pct","rank_used","vecm_status","alpha_mode","t_mode","p_mode","sig_mode","alpha_mode_lo","alpha_mode_hi","alpha_IC","t_IC","p_IC","sig_IC","alpha_IC_lo","alpha_IC_hi","beta_ic","beta_det","det_label","we_mode_LR","we_mode_p","we_IC_LR","we_IC_p","lb_mode_stat","lb_mode_p","lb_lag","lb_IC_stat","lb_IC_p","hl_mode","shock_term","shock_coef","shock_p","crisis_coef","crisis_p"
"A_common_censusIC","LTL","Total_Inventories","za_step","crisis;pan_step","","const","AIC",6,252,FALSE,1,1,1,1,TRUE,1,"estimated at r = 1",0.0210922903254812,1.1132469344187,0.266806319765432,"",-0.0162459957667911,0.0584305764177535,0.036225822571582,4.34449281923873,2.12423289990219e-05,"***",0.0197934104549726,0.0526582346881913,-1.27047553782131,13.2259209264745,"constant",1.06557056657738,0.301948097605391,15.4850978080462,8.31582877196535e-05,3.21267755917523,0.993847125142373,12,7.82465520450789,0.798678478005389,NA,"pan_step",0.000189729813491974,0.936007180848849,0.00128215144437275,0.68956165519909
"A_common_censusIC","LTL","Total_Inventories","za_step","crisis;pan_step","","const","SBC",2,252,FALSE,1,1,1,1,TRUE,1,"estimated at r = 1",0.0178868273358007,1.47661946338641,0.141122149849305,"",-0.00597835858677353,0.0417520132583749,0.0318005778580283,5.90136846830299,1.25644981314305e-08,"***",0.0211840531246475,0.0424171025914092,-1.35293224138499,14.4378673643124,"constant",1.91161846427338,0.166783587819269,28.2617544278399,1.05969167552011e-07,10.6909393654538,0.555574357956162,12,20.5734421421101,0.0569866408928345,NA,"pan_step",0.00158959176198124,0.482281070457558,-0.000597399930483346,0.854286565144432
"A_common_censusIC","LTL","Total_Inventories","za_step","crisis;pan_step","","none","AIC",6,252,FALSE,1,0,0,1,FALSE,NA,"r = 0: no cointegration",NA,NA,NA,"",NA,NA,NA,NA,NA,"",NA,NA,NA,NA,NA,NA,NA,NA,NA,NA,NA,NA,NA,NA,NA,NA,NA,NA,NA,NA
"A_common_censusIC","LTL","Total_Inventories","za_step","crisis;pan_step","","none","SBC",2,252,FALSE,1,1,0,1,TRUE,1,"estimated at r = 1",-0.0139843964934844,-0.724041017880541,0.46976689316394,"",-0.0520375229243525,0.0240687299373838,0.0363834959930119,4.19048736127739,3.95290215819794e-05,"***",0.0192774483504276,0.0534895436355962,-1.31307856538877,NA,NA,0.53755881540052,0.463446197008909,17.3526962647962,3.1045750374048e-05,8.89311765840207,0.712031497162592,12,20.9239282032491,0.0515055627259562,49.2183686658542,"pan_step",-0.00164355356101497,0.526871947782898,-0.00108545551293343,0.735962652066012
"A_common_censusIC","LTL","Total_Inventories","za_step","crisis;pan_step","","trend","AIC",6,252,FALSE,2,2,1,2,TRUE,NA,"r = 2: full rank",NA,NA,NA,"",NA,NA,NA,NA,NA,"",NA,NA,NA,NA,NA,NA,NA,NA,NA,NA,NA,NA,NA,NA,NA,NA,NA,NA,NA,NA
"A_common_censusIC","LTL","Total_Inventories","za_step","crisis;pan_step","","trend","SBC",2,252,FALSE,2,2,1,2,TRUE,NA,"r = 2: full rank",NA,NA,NA,"",NA,NA,NA,NA,NA,"",NA,NA,NA,NA,NA,NA,NA,NA,NA,NA,NA,NA,NA,NA,NA,NA,NA,NA,NA,NA
"A_common_censusIC","Truckload","Total_Inventories","za_step","crisis;pan_step","","const","AIC",9,252,FALSE,2,2,1,2,TRUE,NA,"r = 2: full rank",NA,NA,NA,"",NA,NA,NA,NA,NA,"",NA,NA,NA,NA,NA,NA,NA,NA,NA,NA,NA,NA,NA,NA,NA,NA,NA,NA,NA,NA
"A_common_censusIC","Truckload","Total_Inventories","za_step","crisis;pan_step","","const","SBC",2,252,FALSE,1,1,1,1,TRUE,1,"estimated at r = 1",0.00378830411100438,0.290472831183793,0.771711796561306,"",-0.0219061510751988,0.0294827592972075,0.0246818765010583,5.69271672614292,3.72672905798205e-08,"***",0.0161398936070149,0.0332238593951017,-0.825968980499303,7.09661178430867,"constant",0.0750226450204219,0.784159458402624,26.6906427225583,2.38775042071815e-07,25.0905104954153,0.0143997491464631,12,18.7821043823448,0.0939243457548037,NA,"pan_step",-0.000808197178963227,0.813578588917081,-0.000987992494091386,0.81820828061064
"A_common_censusIC","Truckload","Total_Inventories","za_step","crisis;pan_step","","none","AIC",9,252,FALSE,1,1,0,0,FALSE,1,"estimated at r = 1",-0.10555319138594,-3.34307820562928,0.000979461808347128,"***",-0.167791713427787,-0.0433146693440939,-0.000428301698551115,-0.0380237548675292,0.969704523268052,"",-0.0226322002253648,0.0217755968282625,-0.488007885726706,NA,NA,6.37979105767339,0.0115427019504811,0.00085752070290104,0.976638522702278,4.0264940557877,0.982953550348976,12,5.59786503566649,0.934982746587019,6.21378895339595,"pan_step",0.0222462757180761,0.00236680564088189,-0.00158204330507731,0.698094816752162
"A_common_censusIC","Truckload","Total_Inventories","za_step","crisis;pan_step","","none","SBC",2,252,FALSE,1,1,0,1,TRUE,1,"estimated at r = 1",-0.024095489716975,-1.06453422617363,0.288188701513742,"",-0.0686904635743101,0.02049948414036,0.0265612768455977,3.5089296583041,0.000539861933030201,"***",0.0116476225513326,0.0414749311398629,-0.74586091540602,NA,NA,0.932379480044179,0.334245381048503,9.84185313881925,0.00170585560330661,27.068078342055,0.00755467412629107,12,18.7051896808087,0.0958958226313864,28.4186950158158,"pan_step",0.00123852231459459,0.754962785741418,-0.000695300183973391,0.870302783746801
"A_common_censusIC","Truckload","Total_Inventories","za_step","crisis;pan_step","","trend","AIC",9,252,FALSE,1,1,1,1,TRUE,1,"estimated at r = 1",-0.0927282672350026,-4.32868477935764,2.31208151420988e-05,"***",-0.134955305523717,-0.0505012289462879,-0.0145040893820228,-1.88202633712382,0.061202479501475,"*",-0.0296955387137309,0.000687359949685232,0.637584473851978,-0.0030026745900318,"trend.l9",13.4257944005357,0.000248187895148577,2.65764063679462,0.103053492853986,3.47837367436766,0.991120872236221,12,6.73622457932388,0.874541349045041,7.12284274401047,"pan_step",0.026225911712021,0.000117543254743923,0.000923903370144698,0.821762233086549
"A_common_censusIC","Truckload","Total_Inventories","za_step","crisis;pan_step","","trend","SBC",2,252,FALSE,2,2,1,2,TRUE,NA,"r = 2: full rank",NA,NA,NA,"",NA,NA,NA,NA,NA,"",NA,NA,NA,NA,NA,NA,NA,NA,NA,NA,NA,NA,NA,NA,NA,NA,NA,NA,NA,NA
"A_common_censusIC","Local","Total_Inventories","za_step","crisis;pan_step","","const","AIC",4,252,FALSE,1,1,1,1,TRUE,1,"estimated at r = 1",-0.00493716646810998,-0.451267622499245,0.652225593910022,"",-0.0264949003707887,0.0166205674345687,0.0193228433435182,3.84577149427906,0.000155962784149771,"***",0.00942257267799131,0.0292231140090451,-0.811283718670724,6.81637781516981,"constant",0.135385201228227,0.712912544692655,9.41589319549301,0.00215112753766367,29.5879699815389,0.00321984514714369,12,10.1136077719674,0.605994492251769,140.046863325378,"pan_step",-0.000111685456174274,0.959381895028391,0.0026804946570979,0.449580982740938
"A_common_censusIC","Local","Total_Inventories","za_step","crisis;pan_step","","const","SBC",4,252,FALSE,1,1,1,1,TRUE,1,"estimated at r = 1",-0.00493716646810998,-0.451267622499245,0.652225593910022,"",-0.0264949003707887,0.0166205674345687,0.0193228433435182,3.84577149427906,0.000155962784149771,"***",0.00942257267799131,0.0292231140090451,-0.811283718670724,6.81637781516981,"constant",0.135385201228227,0.712912544692655,9.41589319549301,0.00215112753766367,29.5879699815389,0.00321984514714369,12,10.1136077719674,0.605994492251769,140.046863325378,"pan_step",-0.000111685456174274,0.959381895028391,0.0026804946570979,0.449580982740938
"A_common_censusIC","Local","Total_Inventories","za_step","crisis;pan_step","","none","AIC",4,252,FALSE,0,0,0,0,TRUE,NA,"r = 0: no cointegration",NA,NA,NA,"",NA,NA,NA,NA,NA,"",NA,NA,NA,NA,NA,NA,NA,NA,NA,NA,NA,NA,NA,NA,NA,NA,NA,NA,NA,NA
"A_common_censusIC","Local","Total_Inventories","za_step","crisis;pan_step","","none","SBC",4,252,FALSE,0,0,0,0,TRUE,NA,"r = 0: no cointegration",NA,NA,NA,"",NA,NA,NA,NA,NA,"",NA,NA,NA,NA,NA,NA,NA,NA,NA,NA,NA,NA,NA,NA,NA,NA,NA,NA,NA,NA
"A_common_censusIC","Local","Total_Inventories","za_step","crisis;pan_step","","trend","AIC",4,252,FALSE,2,2,1,0,FALSE,NA,"r = 2: full rank",NA,NA,NA,"",NA,NA,NA,NA,NA,"",NA,NA,NA,NA,NA,NA,NA,NA,NA,NA,NA,NA,NA,NA,NA,NA,NA,NA,NA,NA
"A_common_censusIC","Local","Total_Inventories","za_step","crisis;pan_step","","trend","SBC",4,252,FALSE,2,2,1,0,FALSE,NA,"r = 2: full rank",NA,NA,NA,"",NA,NA,NA,NA,NA,"",NA,NA,NA,NA,NA,NA,NA,NA,NA,NA,NA,NA,NA,NA,NA,NA,NA,NA,NA,NA
"A_common_censusIC","Airfreight","Total_Inventories","za_step","crisis;pan_step","","const","AIC",5,252,FALSE,1,0,0,0,TRUE,NA,"r = 0: no cointegration",NA,NA,NA,"",NA,NA,NA,NA,NA,"",NA,NA,NA,NA,NA,NA,NA,NA,NA,NA,NA,NA,NA,NA,NA,NA,NA,NA,NA,NA
"A_common_censusIC","Airfreight","Total_Inventories","za_step","crisis;pan_step","","const","SBC",3,252,FALSE,1,1,0,1,TRUE,1,"estimated at r = 1",0.0028835953182333,0.60782055008183,0.543903588263669,"",-0.0064637513378159,0.0122309419742825,0.00713989443708821,4.36284751151023,1.93572083400524e-05,"***",0.00391547764943553,0.0103643112247409,-1.66801207773505,19.2069317935788,"constant",0.308135231855995,0.578826742176205,15.1320455190492,0.000100247114787511,17.5008736209629,0.131707455503416,12,13.9741096034888,0.302364650313036,NA,"pan_step",-0.000762561052811577,0.81001628567342,0.00187608597039141,0.658002476564313
"A_common_censusIC","Airfreight","Total_Inventories","za_step","crisis;pan_step","","none","AIC",5,252,FALSE,0,0,0,0,TRUE,NA,"r = 0: no cointegration",NA,NA,NA,"",NA,NA,NA,NA,NA,"",NA,NA,NA,NA,NA,NA,NA,NA,NA,NA,NA,NA,NA,NA,NA,NA,NA,NA,NA,NA
"A_common_censusIC","Airfreight","Total_Inventories","za_step","crisis;pan_step","","none","SBC",3,252,FALSE,0,0,0,0,TRUE,NA,"r = 0: no cointegration",NA,NA,NA,"",NA,NA,NA,NA,NA,"",NA,NA,NA,NA,NA,NA,NA,NA,NA,NA,NA,NA,NA,NA,NA,NA,NA,NA,NA,NA
"A_common_censusIC","Airfreight","Total_Inventories","za_step","crisis;pan_step","","trend","AIC",5,252,FALSE,1,0,0,1,FALSE,NA,"r = 0: no cointegration",NA,NA,NA,"",NA,NA,NA,NA,NA,"",NA,NA,NA,NA,NA,NA,NA,NA,NA,NA,NA,NA,NA,NA,NA,NA,NA,NA,NA,NA
"A_common_censusIC","Airfreight","Total_Inventories","za_step","crisis;pan_step","","trend","SBC",3,252,FALSE,0,0,0,0,TRUE,NA,"r = 0: no cointegration",NA,NA,NA,"",NA,NA,NA,NA,NA,"",NA,NA,NA,NA,NA,NA,NA,NA,NA,NA,NA,NA,NA,NA,NA,NA,NA,NA,NA,NA
"A_common_censusIC","SeaFreight","Total_Inventories","za_step","crisis;pan_step","","const","AIC",6,252,FALSE,2,2,2,2,TRUE,NA,"r = 2: full rank",NA,NA,NA,"",NA,NA,NA,NA,NA,"",NA,NA,NA,NA,NA,NA,NA,NA,NA,NA,NA,NA,NA,NA,NA,NA,NA,NA,NA,NA
"A_common_censusIC","SeaFreight","Total_Inventories","za_step","crisis;pan_step","","const","SBC",2,252,FALSE,2,2,1,2,TRUE,NA,"r = 2: full rank",NA,NA,NA,"",NA,NA,NA,NA,NA,"",NA,NA,NA,NA,NA,NA,NA,NA,NA,NA,NA,NA,NA,NA,NA,NA,NA,NA,NA,NA
"A_common_censusIC","SeaFreight","Total_Inventories","za_step","crisis;pan_step","","none","AIC",6,252,FALSE,2,1,1,1,TRUE,1,"estimated at r = 1",-0.110470084163027,-4.00631930791228,8.42833962608495e-05,"***",-0.164811636678779,-0.0561285316472753,-0.0118354776348129,-1.57479324154327,0.116734606810403,"",-0.0266468453418444,0.00297589007221859,-0.554752324510585,NA,NA,10.6742525102975,0.0010863707890103,1.71800042383401,0.189950637901583,8.51035105811049,0.744085629241322,12,4.38557523433086,0.975431888682732,5.92119005423463,"pan_step",0.0239724856134637,0.00170702805191866,0.00662741137084623,0.220765884837124
"A_common_censusIC","SeaFreight","Total_Inventories","za_step","crisis;pan_step","","none","SBC",2,252,FALSE,2,2,0,0,FALSE,NA,"r = 2: full rank",NA,NA,NA,"",NA,NA,NA,NA,NA,"",NA,NA,NA,NA,NA,NA,NA,NA,NA,NA,NA,NA,NA,NA,NA,NA,NA,NA,NA,NA
"A_common_censusIC","SeaFreight","Total_Inventories","za_step","crisis;pan_step","","trend","AIC",6,252,FALSE,1,1,1,1,TRUE,1,"estimated at r = 1",-0.075337336144474,-4.56727751239742,8.2083822847248e-06,"***",-0.107845001204389,-0.0428296710845594,-0.0165030188775254,-3.72554046697732,0.000247504384611456,"***",-0.0252328738403616,-0.0077731639146891,1.088748834462,-0.00441874989173115,"trend.l6",16.1522237307806,5.84499067588506e-05,10.9513087853126,0.000935375221033596,8.10593528373871,0.776798050729167,12,6.26402135919627,0.902192100554063,8.84948246680985,"pan_step",0.0247668456303067,0.000499253650278693,0.00843850455479636,0.117832306647188
"A_common_censusIC","SeaFreight","Total_Inventories","za_step","crisis;pan_step","","trend","SBC",2,252,FALSE,2,1,0,0,FALSE,1,"estimated at r = 1",-0.0344033041420684,-2.64578535115355,0.0087051708665811,"***",-0.0600219005969441,-0.00878470768719259,-0.0112052263545996,-3.21145643366633,0.00150689823746409,"***",-0.0180795248281344,-0.00433092788106487,1.56223786648465,-0.00488095738263642,"trend.l2",2.05573938387374,0.151633631034416,2.99309959155079,0.0836199695335641,10.647901104078,0.559309963383638,12,15.4743993169118,0.216512017954811,19.799096393199,"pan_step",0.0168818216434366,0.028766516556898,0.000323019347202474,0.950815501341993
